timestamp,price
2025-04-21 12:00:13.316029+00:00,17
2025-04-21 12:04:09.673833+00:00,24
2025-04-21 12:06:19.935766+00:00,24
2025-04-21 12:07:01.753743+00:00,24
2025-04-21 12:21:19.859496+00:00,16
2025-04-21 12:25:09.760188+00:00,16
2025-04-21 12:25:50.974047+00:00,18
2025-04-21 12:43:39.260709+00:00,17
2025-04-21 12:48:29.736535+00:00,17
2025-04-21 12:48:32.755484+00:00,17
2025-04-21 12:57:18.153543+00:00,17
2025-04-21 13:04:36.577499+00:00,17
2025-04-21 13:08:53.035475+00:00,17
2025-04-21 13:09:21.196044+00:00,17
2025-04-21 13:09:39.455278+00:00,17
2025-04-21 13:13:54.834849+00:00,17
2025-04-21 13:13:55.213839+00:00,19
2025-04-21 13:14:35.715235+00:00,18
2025-04-21 13:14:35.735097+00:00,18
2025-04-21 13:14:54.796967+00:00,18
2025-04-21 13:14:54.895521+00:00,18
2025-04-21 13:14:55.076074+00:00,18
2025-04-21 13:14:55.094980+00:00,18
2025-04-21 13:14:55.554647+00:00,18
2025-04-21 13:14:55.555291+00:00,18
2025-04-21 13:17:35.798447+00:00,18
2025-04-21 13:19:21.681137+00:00,18
2025-04-21 13:19:47.107736+00:00,18
2025-04-21 13:19:47.735801+00:00,18
2025-04-21 13:21:08.475005+00:00,18
2025-04-21 13:21:21.736552+00:00,18
2025-04-21 13:21:21.914825+00:00,18
2025-04-21 13:21:38.394984+00:00,18
2025-04-21 13:21:38.414885+00:00,18
2025-04-21 13:21:50.275050+00:00,18
2025-04-21 13:21:50.296483+00:00,18
2025-04-21 13:21:50.675619+00:00,18
2025-04-21 13:21:50.695091+00:00,18
2025-04-21 13:21:51.314034+00:00,18
2025-04-21 13:21:51.335994+00:00,18
2025-04-21 13:21:58.975689+00:00,18
2025-04-21 13:23:27.295114+00:00,18
2025-04-21 13:28:13.434295+00:00,18
2025-04-21 13:28:13.455423+00:00,18
2025-04-21 13:29:37.815133+00:00,18
2025-04-21 13:29:37.834450+00:00,18
2025-04-21 13:29:37.916397+00:00,18
2025-04-21 13:29:42.994309+00:00,18
2025-04-21 13:30:00.374798+00:00,18
2025-04-21 13:30:00.394253+00:00,18
2025-04-21 13:30:45.585758+00:00,18
2025-04-21 13:30:46.433962+00:00,18
2025-04-21 13:33:27.654265+00:00,18
2025-04-21 13:33:28.114400+00:00,20
2025-04-21 13:34:04.177626+00:00,19
2025-04-21 13:38:00.433851+00:00,19
2025-04-21 13:38:01.294359+00:00,19
2025-04-21 13:38:10.914681+00:00,19
2025-04-21 13:38:11.174933+00:00,19
2025-04-21 13:38:15.178111+00:00,19
2025-04-21 13:43:29.117362+00:00,25
2025-04-21 13:44:11.394933+00:00,19
2025-04-21 13:55:35.315308+00:00,19
2025-04-21 14:00:43.754995+00:00,19
2025-04-21 14:01:06.015793+00:00,19
2025-04-21 14:01:06.294891+00:00,19
2025-04-21 14:01:20.736760+00:00,19
2025-04-21 14:01:21.559610+00:00,19
2025-04-21 14:02:16.794673+00:00,19
2025-04-21 14:02:18.413205+00:00,19
2025-04-21 14:02:20.254072+00:00,19
2025-04-21 14:02:21.414587+00:00,19
2025-04-21 14:02:38.275353+00:00,19
2025-04-21 14:02:39.854731+00:00,19
2025-04-21 14:03:04.814553+00:00,19
2025-04-21 14:03:10.074870+00:00,19
2025-04-21 14:03:31.835068+00:00,20
2025-04-21 14:03:38.054939+00:00,20
2025-04-21 14:03:40.574493+00:00,20
2025-04-21 14:06:32.294717+00:00,20
2025-04-21 14:19:51.013716+00:00,20
2025-04-21 14:20:00.815334+00:00,18
2025-04-21 14:20:02.034667+00:00,24
2025-04-21 14:20:02.034992+00:00,24
2025-04-21 14:20:02.875095+00:00,24
2025-04-21 14:20:02.875421+00:00,30
2025-04-21 14:21:42.354139+00:00,22
2025-04-21 14:22:15.941184+00:00,20
2025-04-21 14:25:38.735101+00:00,20
2025-04-21 14:25:38.753347+00:00,20
2025-04-21 14:25:39.734078+00:00,20
2025-04-21 14:25:40.733717+00:00,20
2025-04-21 14:27:02.738056+00:00,14
2025-04-21 14:27:03.635034+00:00,14
2025-04-21 14:27:04.295949+00:00,14
2025-04-21 14:27:06.394624+00:00,14
2025-04-21 14:27:06.974418+00:00,14
2025-04-21 14:27:37.400227+00:00,14
2025-04-21 14:27:43.939419+00:00,14
2025-04-21 14:27:47.474432+00:00,14
2025-04-21 14:27:54.994079+00:00,14
2025-04-21 14:27:55.014371+00:00,14
2025-04-21 14:27:56.577573+00:00,14
2025-04-21 14:27:56.594893+00:00,14
2025-04-21 14:27:58.184415+00:00,14
2025-04-21 14:27:58.194442+00:00,14
2025-04-21 14:28:04.538218+00:00,14
2025-04-21 14:28:04.539634+00:00,14
2025-04-21 14:28:07.116055+00:00,14
2025-04-21 14:28:07.154318+00:00,14
2025-04-21 14:28:35.974472+00:00,14
2025-04-21 14:28:46.114794+00:00,14
2025-04-21 14:29:04.735083+00:00,14
2025-04-21 14:29:26.853877+00:00,16
2025-04-21 14:30:04.493736+00:00,15
2025-04-21 14:31:37.354907+00:00,16
2025-04-21 14:31:50.615554+00:00,13
2025-04-21 14:31:51.473972+00:00,17
2025-04-21 14:32:05.454401+00:00,14
2025-04-21 14:32:11.833946+00:00,14
2025-04-21 14:32:12.834972+00:00,14
2025-04-21 14:32:14.554671+00:00,14
2025-04-21 14:32:16.194339+00:00,14
2025-04-21 14:32:29.515046+00:00,16
2025-04-21 14:32:30.513843+00:00,16
2025-04-21 14:34:02.555375+00:00,13
2025-04-21 14:35:48.595849+00:00,13
2025-04-21 14:36:06.575370+00:00,17
2025-04-21 14:36:08.575209+00:00,17
2025-04-21 14:36:09.575328+00:00,17
2025-04-21 14:36:11.174702+00:00,14
2025-04-21 14:36:11.195058+00:00,14
2025-04-21 14:36:12.117201+00:00,14
2025-04-21 14:36:12.133961+00:00,14
2025-04-21 14:36:14.176846+00:00,14
2025-04-21 14:36:14.194470+00:00,14
2025-04-21 14:36:16.415954+00:00,14
2025-04-21 14:36:16.715427+00:00,14
2025-04-21 14:36:16.936032+00:00,14
2025-04-21 14:36:18.236363+00:00,14
2025-04-21 14:36:18.435370+00:00,14
2025-04-21 14:36:19.215674+00:00,14
2025-04-21 14:36:19.314558+00:00,14
2025-04-21 14:37:03.534359+00:00,14
2025-04-21 14:37:03.574893+00:00,14
2025-04-21 14:37:16.521643+00:00,14
2025-04-21 14:37:16.714215+00:00,14
2025-04-21 14:37:17.419302+00:00,14
2025-04-21 14:37:28.155355+00:00,14
2025-04-21 14:38:34.754889+00:00,14
2025-04-21 14:38:36.774840+00:00,14
2025-04-21 14:38:43.674543+00:00,14
2025-04-21 14:38:45.335678+00:00,14
2025-04-21 14:38:47.235545+00:00,14
2025-04-21 14:38:48.313864+00:00,14
2025-04-21 14:38:57.874326+00:00,16
2025-04-21 14:39:01.874339+00:00,16
2025-04-21 14:39:30.875636+00:00,15
2025-04-21 14:40:04.893769+00:00,16
2025-04-21 14:41:43.774414+00:00,13
2025-04-21 14:41:44.014211+00:00,17
2025-04-21 14:41:50.855575+00:00,14
2025-04-21 14:41:51.013944+00:00,18
2025-04-21 14:41:51.014361+00:00,18
2025-04-21 14:42:02.335009+00:00,15
2025-04-21 14:42:02.859162+00:00,15
2025-04-21 14:42:21.034921+00:00,15
2025-04-21 14:42:46.955352+00:00,15
2025-04-21 14:42:46.956001+00:00,15
2025-04-21 14:42:54.254817+00:00,15
2025-04-21 14:43:30.675106+00:00,15
2025-04-21 14:43:30.695999+00:00,15
2025-04-21 14:43:31.113986+00:00,15
2025-04-21 14:43:31.134639+00:00,15
2025-04-21 14:43:31.618921+00:00,15
2025-04-21 14:43:32.454475+00:00,15
2025-04-21 14:43:32.534554+00:00,15
2025-04-21 14:43:32.574642+00:00,15
2025-04-21 14:43:32.634254+00:00,15
2025-04-21 14:43:36.274722+00:00,15
2025-04-21 14:43:36.275460+00:00,15
2025-04-21 14:43:38.574263+00:00,15
2025-04-21 14:43:38.593863+00:00,15
2025-04-21 14:43:58.294066+00:00,15
2025-04-21 14:43:58.334778+00:00,15
2025-04-21 14:44:05.495607+00:00,15
2025-04-21 14:44:05.534336+00:00,15
2025-04-21 14:44:06.374830+00:00,15
2025-04-21 14:44:06.634299+00:00,15
2025-04-21 14:44:06.714606+00:00,15
2025-04-21 14:44:06.775262+00:00,15
2025-04-21 14:44:06.794263+00:00,15
2025-04-21 14:44:18.834564+00:00,15
2025-04-21 14:44:19.300529+00:00,19
2025-04-21 14:44:20.293550+00:00,19
2025-04-21 14:44:28.913905+00:00,16
2025-04-21 14:44:29.134873+00:00,16
2025-04-21 14:44:29.434910+00:00,16
2025-04-21 14:44:29.734421+00:00,16
2025-04-21 14:44:31.574145+00:00,16
2025-04-21 14:44:34.615626+00:00,16
2025-04-21 14:44:34.634736+00:00,16
2025-04-21 14:44:35.175956+00:00,16
2025-04-21 14:44:36.814226+00:00,16
2025-04-21 14:44:36.835022+00:00,16
2025-04-21 14:44:36.894654+00:00,16
2025-04-21 14:44:53.495372+00:00,16
2025-04-21 14:44:53.515318+00:00,16
2025-04-21 14:45:10.535224+00:00,18
2025-04-21 14:45:11.353681+00:00,18
2025-04-21 14:45:30.095900+00:00,15
2025-04-21 14:45:30.115084+00:00,15
2025-04-21 14:45:32.094315+00:00,15
2025-04-21 14:45:32.135953+00:00,15
2025-04-21 14:45:32.895851+00:00,15
2025-04-21 14:45:32.934801+00:00,15
2025-04-21 14:45:58.755608+00:00,15
2025-04-21 14:46:00.756476+00:00,15
2025-04-21 14:46:00.776456+00:00,15
2025-04-21 14:46:36.555235+00:00,15
2025-04-21 14:46:37.495681+00:00,15
2025-04-21 14:46:48.014991+00:00,15
2025-04-21 14:46:48.055453+00:00,15
2025-04-21 14:46:48.115114+00:00,15
2025-04-21 14:46:48.176323+00:00,15
2025-04-21 14:46:48.176589+00:00,15
2025-04-21 14:46:48.695942+00:00,15
2025-04-21 14:46:48.956841+00:00,15
2025-04-21 14:46:48.975048+00:00,15
2025-04-21 14:46:52.194788+00:00,15
2025-04-21 14:46:52.216522+00:00,15
2025-04-21 14:46:56.275777+00:00,15
2025-04-21 14:46:56.294907+00:00,15
2025-04-21 14:47:06.575567+00:00,15
2025-04-21 14:47:06.835057+00:00,15
2025-04-21 14:47:06.853968+00:00,15
2025-04-21 14:47:06.894161+00:00,15
2025-04-21 14:47:11.496620+00:00,15
2025-04-21 14:47:11.534866+00:00,15
2025-04-21 14:47:17.575123+00:00,15
2025-04-21 14:47:17.575827+00:00,15
2025-04-21 14:47:20.635515+00:00,15
2025-04-21 14:47:20.715195+00:00,15
2025-04-21 14:47:27.059021+00:00,15
2025-04-21 14:47:27.075873+00:00,15
2025-04-21 14:47:28.874999+00:00,15
2025-04-21 14:47:28.875739+00:00,15
2025-04-21 14:47:35.534017+00:00,15
2025-04-21 14:47:36.514490+00:00,19
2025-04-21 14:47:37.515136+00:00,19
2025-04-21 14:47:41.915738+00:00,19
2025-04-21 14:47:56.254861+00:00,19
2025-04-21 14:48:03.039308+00:00,22
2025-04-21 14:48:03.738497+00:00,20
2025-04-21 14:48:09.356412+00:00,16
2025-04-21 14:48:10.975413+00:00,16
2025-04-21 14:48:10.996216+00:00,16
2025-04-21 14:48:26.161727+00:00,16
2025-04-21 14:48:26.174155+00:00,16
2025-04-21 14:48:34.414077+00:00,16
2025-04-21 14:48:34.674310+00:00,20
2025-04-21 14:49:54.675221+00:00,17
2025-04-21 14:50:24.495608+00:00,17
2025-04-21 14:50:47.915505+00:00,20
2025-04-21 14:50:47.915845+00:00,24
2025-04-21 14:50:48.695422+00:00,21
2025-04-21 14:50:50.635222+00:00,18
2025-04-21 14:50:50.635961+00:00,18
2025-04-21 14:50:55.835142+00:00,18
2025-04-21 14:50:55.874438+00:00,18
2025-04-21 14:51:35.836148+00:00,18
2025-04-21 14:51:36.036092+00:00,18
2025-04-21 14:52:19.036854+00:00,20
2025-04-21 14:53:06.364699+00:00,17
2025-04-21 14:53:07.075977+00:00,17
2025-04-21 14:53:25.376529+00:00,17
2025-04-21 14:53:30.074745+00:00,17
2025-04-21 14:53:30.097023+00:00,17
2025-04-21 14:54:01.674279+00:00,19
2025-04-21 14:54:17.634893+00:00,16
2025-04-21 14:54:20.455124+00:00,16
2025-04-21 14:54:20.474686+00:00,16
2025-04-21 14:54:56.136026+00:00,16
2025-04-21 14:54:56.155643+00:00,16
2025-04-21 14:55:12.995408+00:00,16
2025-04-21 14:55:13.015885+00:00,16
2025-04-21 14:55:18.035003+00:00,16
2025-04-21 14:55:18.235656+00:00,16
2025-04-21 14:55:19.616352+00:00,16
2025-04-21 14:55:19.635571+00:00,16
2025-04-21 14:55:19.834864+00:00,16
2025-04-21 14:55:21.035198+00:00,16
2025-04-21 14:55:25.335129+00:00,16
2025-04-21 14:55:25.354489+00:00,16
2025-04-21 14:55:40.016231+00:00,18
2025-04-21 14:55:41.034772+00:00,18
2025-04-21 14:55:47.014582+00:00,18
2025-04-21 14:57:00.073247+00:00,15
2025-04-21 14:58:29.734684+00:00,15
2025-04-21 14:58:29.735452+00:00,15
2025-04-21 14:58:38.595997+00:00,15
2025-04-21 14:58:38.615222+00:00,15
2025-04-21 14:58:45.756237+00:00,15
2025-04-21 14:58:45.756881+00:00,15
2025-04-21 14:58:54.236820+00:00,15
2025-04-21 14:58:54.635213+00:00,15
2025-04-21 14:59:14.415779+00:00,15
2025-04-21 14:59:31.094734+00:00,17
2025-04-21 14:59:32.114645+00:00,17
2025-04-21 15:00:00.135985+00:00,17
2025-04-21 15:00:05.235533+00:00,14
2025-04-21 15:00:05.535353+00:00,14
2025-04-21 15:00:05.535685+00:00,14
2025-04-21 15:00:05.956331+00:00,14
2025-04-21 15:00:36.534996+00:00,14
2025-04-21 15:00:36.575960+00:00,14
2025-04-21 15:00:38.756281+00:00,14
2025-04-21 15:00:39.075611+00:00,14
2025-04-21 15:00:39.094839+00:00,14
2025-04-21 15:00:41.515696+00:00,14
2025-04-21 15:00:41.535447+00:00,14
2025-04-21 15:00:56.120256+00:00,14
2025-04-21 15:01:06.748061+00:00,14
2025-04-21 15:01:57.203601+00:00,14
2025-04-21 15:02:04.864058+00:00,14
2025-04-21 15:02:19.863759+00:00,14
2025-04-21 15:02:21.555935+00:00,14
2025-04-21 15:02:21.556261+00:00,14
2025-04-21 15:02:22.215325+00:00,14
2025-04-21 15:02:22.455242+00:00,14
2025-04-21 15:02:22.455569+00:00,14
2025-04-21 15:02:33.195091+00:00,14
2025-04-21 15:02:36.754492+00:00,14
2025-04-21 15:02:49.141819+00:00,14
2025-04-21 15:02:56.723302+00:00,14
2025-04-21 15:03:16.225129+00:00,14
2025-04-21 15:03:19.340264+00:00,14
2025-04-21 15:03:19.340598+00:00,14
2025-04-21 15:03:25.914695+00:00,14
2025-04-21 15:03:26.337987+00:00,18
2025-04-21 15:03:44.675089+00:00,15
2025-04-21 15:04:05.445719+00:00,15
2025-04-21 15:04:45.455636+00:00,15
2025-04-21 15:04:45.495459+00:00,15
2025-04-21 15:04:45.495800+00:00,15
2025-04-21 15:05:00.338068+00:00,17
2025-04-21 15:05:59.395103+00:00,14
2025-04-21 15:05:59.395477+00:00,14
2025-04-21 15:06:09.234781+00:00,14
2025-04-21 15:06:09.235201+00:00,14
2025-04-21 15:06:20.294957+00:00,18
2025-04-21 15:06:47.535817+00:00,15
2025-04-21 15:06:47.614491+00:00,15
2025-04-21 15:07:00.006091+00:00,15
2025-04-21 15:07:03.454564+00:00,15
2025-04-21 15:07:04.215204+00:00,15
2025-04-21 15:07:04.215697+00:00,15
2025-04-21 15:07:18.535556+00:00,15
2025-04-21 15:07:19.016356+00:00,15
2025-04-21 15:07:19.518466+00:00,15
2025-04-21 15:07:21.035302+00:00,15
2025-04-21 15:07:25.535201+00:00,15
2025-04-21 15:07:27.415396+00:00,15
2025-04-21 15:07:28.115642+00:00,15
2025-04-21 15:07:37.095784+00:00,19
2025-04-21 15:07:58.574795+00:00,16
2025-04-21 15:07:58.575121+00:00,16
2025-04-21 15:08:02.215363+00:00,16
2025-04-21 15:08:04.896050+00:00,16
2025-04-21 15:08:04.915970+00:00,16
2025-04-21 15:08:08.434402+00:00,16
2025-04-21 15:08:08.455753+00:00,16
2025-04-21 15:08:11.235545+00:00,16
2025-04-21 15:08:11.254248+00:00,16
2025-04-21 15:08:13.375850+00:00,16
2025-04-21 15:08:13.376546+00:00,16
2025-04-21 15:08:13.715923+00:00,16
2025-04-21 15:08:14.375879+00:00,16
2025-04-21 15:08:14.395899+00:00,16
2025-04-21 15:08:37.830237+00:00,16
2025-04-21 15:08:54.902322+00:00,16
2025-04-21 15:09:20.196263+00:00,16
2025-04-21 15:09:20.196666+00:00,16
2025-04-21 15:09:20.255663+00:00,16
2025-04-21 15:09:27.555953+00:00,16
2025-04-21 15:09:27.575307+00:00,16
2025-04-21 15:09:29.275142+00:00,16
2025-04-21 15:09:29.294873+00:00,16
2025-04-21 15:09:30.555352+00:00,16
2025-04-21 15:09:30.575821+00:00,16
2025-04-21 15:09:31.076212+00:00,16
2025-04-21 15:09:31.095892+00:00,16
2025-04-21 15:09:31.695285+00:00,16
2025-04-21 15:09:31.714410+00:00,16
2025-04-21 15:09:31.855107+00:00,16
2025-04-21 15:09:32.214992+00:00,16
2025-04-21 15:09:32.234810+00:00,16
2025-04-21 15:09:39.675800+00:00,16
2025-04-21 15:09:39.695997+00:00,16
2025-04-21 15:09:41.654856+00:00,16
2025-04-21 15:09:41.655602+00:00,16
2025-04-21 15:09:41.894746+00:00,16
2025-04-21 15:09:41.915385+00:00,16
2025-04-21 15:09:45.155374+00:00,16
2025-04-21 15:09:45.176396+00:00,16
2025-04-21 15:09:45.795478+00:00,16
2025-04-21 15:09:45.816003+00:00,16
2025-04-21 15:09:45.995571+00:00,16
2025-04-21 15:09:48.055395+00:00,16
2025-04-21 15:09:48.074621+00:00,16
2025-04-21 15:09:51.035276+00:00,16
2025-04-21 15:09:51.317372+00:00,16
2025-04-21 15:09:51.715089+00:00,16
2025-04-21 15:09:53.656662+00:00,16
2025-04-21 15:09:54.643145+00:00,16
2025-04-21 15:09:54.756076+00:00,16
2025-04-21 15:09:55.234900+00:00,16
2025-04-21 15:09:55.515574+00:00,16
2025-04-21 15:09:55.635275+00:00,16
2025-04-21 15:09:56.654359+00:00,16
2025-04-21 15:09:57.918834+00:00,16
2025-04-21 15:09:57.933902+00:00,16
2025-04-21 15:09:58.114943+00:00,16
2025-04-21 15:09:58.356004+00:00,16
2025-04-21 15:09:58.435079+00:00,16
2025-04-21 15:09:58.615426+00:00,16
2025-04-21 15:10:02.434919+00:00,16
2025-04-21 15:10:02.454775+00:00,16
2025-04-21 15:10:12.695267+00:00,16
2025-04-21 15:10:12.714691+00:00,16
2025-04-21 15:11:48.914763+00:00,16
2025-04-21 15:11:48.934618+00:00,16
2025-04-21 15:11:49.314958+00:00,16
2025-04-21 15:11:49.334767+00:00,16
2025-04-21 15:11:49.734289+00:00,16
2025-04-21 15:11:56.135050+00:00,16
2025-04-21 15:11:57.195362+00:00,18
2025-04-21 15:11:58.194330+00:00,18
2025-04-21 15:12:37.496036+00:00,15
2025-04-21 15:12:37.635266+00:00,15
2025-04-21 15:13:29.574721+00:00,15
2025-04-21 15:13:29.575046+00:00,15
2025-04-21 15:13:39.279453+00:00,15
2025-04-21 15:13:56.195318+00:00,15
2025-04-21 15:14:13.654884+00:00,15
2025-04-21 15:14:14.474582+00:00,19
2025-04-21 15:14:14.615477+00:00,19
2025-04-21 15:14:16.974666+00:00,16
2025-04-21 15:14:16.974992+00:00,16
2025-04-21 15:14:19.116490+00:00,16
2025-04-21 15:14:33.366688+00:00,16
2025-04-21 15:14:54.760192+00:00,16
2025-04-21 15:14:56.214381+00:00,16
2025-04-21 15:14:56.614774+00:00,20
2025-04-21 15:15:18.616212+00:00,17
2025-04-21 15:15:24.437160+00:00,17
2025-04-21 15:15:24.454359+00:00,17
2025-04-21 15:15:46.556017+00:00,17
2025-04-21 15:15:46.614624+00:00,19
2025-04-21 15:15:54.655579+00:00,19
2025-04-21 15:15:56.655591+00:00,19
2025-04-21 15:16:05.675444+00:00,19
2025-04-21 15:16:29.469608+00:00,16
2025-04-21 15:16:32.895064+00:00,16
2025-04-21 15:16:32.895422+00:00,16
2025-04-21 15:16:50.957927+00:00,16
2025-04-21 15:16:59.008118+00:00,16
2025-04-21 15:17:06.335412+00:00,16
2025-04-21 15:17:07.143147+00:00,18
2025-04-21 15:17:19.053832+00:00,18
2025-04-21 15:17:36.155533+00:00,15
2025-04-21 15:17:36.176551+00:00,15
2025-04-21 15:18:01.056690+00:00,15
2025-04-21 15:18:01.074807+00:00,15
2025-04-21 15:18:19.234667+00:00,17
2025-04-21 15:18:23.562889+00:00,14
2025-04-21 15:18:38.195775+00:00,16
2025-04-21 15:18:39.196043+00:00,16
2025-04-21 15:18:43.674647+00:00,13
2025-04-21 15:18:43.694650+00:00,13
2025-04-21 15:18:55.233676+00:00,13
2025-04-21 15:18:55.234329+00:00,13
2025-04-21 15:18:56.375503+00:00,13
2025-04-21 15:18:56.394761+00:00,13
2025-04-21 15:18:56.916411+00:00,13
2025-04-21 15:18:56.934927+00:00,13
2025-04-21 15:18:57.054175+00:00,13
2025-04-21 15:18:58.336064+00:00,13
2025-04-21 15:19:13.311824+00:00,13
2025-04-21 15:19:36.737044+00:00,13
2025-04-21 15:19:36.935034+00:00,13
2025-04-21 15:19:51.979729+00:00,13
2025-04-21 15:19:59.279793+00:00,13
2025-04-21 15:20:42.214632+00:00,13
2025-04-21 15:20:44.935675+00:00,13
2025-04-21 15:20:45.036222+00:00,13
2025-04-21 15:20:46.134605+00:00,13
2025-04-21 15:20:46.215198+00:00,13
2025-04-21 15:20:46.535297+00:00,13
2025-04-21 15:20:54.774989+00:00,13
2025-04-21 15:21:17.061756+00:00,13
2025-04-21 15:21:30.635508+00:00,13
2025-04-21 15:21:30.655180+00:00,13
2025-04-21 15:22:04.435904+00:00,13
2025-04-21 15:22:04.638587+00:00,13
2025-04-21 15:22:05.437146+00:00,13
2025-04-21 15:22:05.534998+00:00,13
2025-04-21 15:22:05.716811+00:00,13
2025-04-21 15:22:06.036593+00:00,13
2025-04-21 15:22:06.434755+00:00,13
2025-04-21 15:22:07.436269+00:00,13
2025-04-21 15:22:11.675897+00:00,13
2025-04-21 15:22:11.676519+00:00,13
2025-04-21 15:22:12.314518+00:00,13
2025-04-21 15:23:01.959662+00:00,13
2025-04-21 15:23:02.375863+00:00,20
2025-04-21 15:23:02.396039+00:00,17
2025-04-21 15:23:05.314866+00:00,14
2025-04-21 15:23:05.315520+00:00,14
2025-04-21 15:23:11.076305+00:00,14
2025-04-21 15:23:11.076957+00:00,14
2025-04-21 15:23:14.860752+00:00,14
2025-04-21 15:23:15.037325+00:00,14
2025-04-21 15:23:17.934681+00:00,14
2025-04-21 15:23:17.974750+00:00,14
2025-04-21 15:23:22.155446+00:00,14
2025-04-21 15:23:22.415375+00:00,14
2025-04-21 15:23:26.415556+00:00,18
2025-04-21 15:23:36.275805+00:00,15
2025-04-21 15:23:42.115731+00:00,15
2025-04-21 15:23:42.274704+00:00,15
2025-04-21 15:23:42.415209+00:00,15
2025-04-21 15:23:48.637305+00:00,17
2025-04-21 15:23:54.595004+00:00,14
2025-04-21 15:25:15.815434+00:00,14
2025-04-21 15:25:15.836027+00:00,14
2025-04-21 15:25:49.831366+00:00,14
2025-04-21 15:25:54.995246+00:00,14
2025-04-21 15:25:54.995634+00:00,14
2025-04-21 15:25:56.455514+00:00,14
2025-04-21 15:25:56.476307+00:00,14
2025-04-21 15:25:56.476634+00:00,14
2025-04-21 15:26:18.854515+00:00,14
2025-04-21 15:26:19.095897+00:00,14
2025-04-21 15:26:19.116222+00:00,14
2025-04-21 15:26:21.815430+00:00,14
2025-04-21 15:26:21.856558+00:00,14
2025-04-21 15:26:22.716076+00:00,17
2025-04-21 15:26:22.735009+00:00,17
2025-04-21 15:26:22.735334+00:00,20
2025-04-21 15:26:33.254678+00:00,20
2025-04-21 15:26:42.499868+00:00,16
2025-04-21 15:26:42.500266+00:00,20
2025-04-21 15:26:43.936406+00:00,17
2025-04-21 15:26:43.955799+00:00,17
2025-04-21 15:26:43.956126+00:00,20
2025-04-21 15:27:18.035112+00:00,16
2025-04-21 15:27:29.916582+00:00,12
2025-04-21 15:27:30.233997+00:00,12
2025-04-21 15:27:30.435074+00:00,12
2025-04-21 15:27:40.015781+00:00,16
2025-04-21 15:28:23.975986+00:00,13
2025-04-21 15:28:24.396288+00:00,13
2025-04-21 15:28:24.396914+00:00,13
2025-04-21 15:28:43.335294+00:00,13
2025-04-21 15:28:45.975735+00:00,13
2025-04-21 15:28:45.995553+00:00,13
2025-04-21 15:28:47.814034+00:00,13
2025-04-21 15:28:47.836176+00:00,13
2025-04-21 15:28:54.023148+00:00,13
2025-04-21 15:28:58.375795+00:00,13
2025-04-21 15:28:58.376590+00:00,13
2025-04-21 15:29:01.236367+00:00,13
2025-04-21 15:29:01.255246+00:00,13
2025-04-21 15:29:26.167982+00:00,13
2025-04-21 15:29:36.659588+00:00,13
2025-04-21 15:29:45.690117+00:00,13
2025-04-21 15:30:00.162260+00:00,13
2025-04-21 15:30:07.795074+00:00,13
2025-04-21 15:30:07.835979+00:00,13
2025-04-21 15:30:16.816247+00:00,13
2025-04-21 15:30:16.816892+00:00,13
2025-04-21 15:30:29.775024+00:00,15
2025-04-21 15:30:30.256285+00:00,15
2025-04-21 15:30:30.256612+00:00,20
2025-04-21 15:30:35.756250+00:00,14
2025-04-21 15:30:36.155166+00:00,12
2025-04-21 15:30:36.694912+00:00,12
2025-04-21 15:30:39.835260+00:00,12
2025-04-21 15:31:09.656392+00:00,12
2025-04-21 15:31:44.087826+00:00,12
2025-04-21 15:32:10.755388+00:00,12
2025-04-21 15:32:19.675852+00:00,15
2025-04-21 15:32:41.815324+00:00,12
2025-04-21 15:32:43.175110+00:00,12
2025-04-21 15:32:49.565591+00:00,12
2025-04-21 15:33:20.836138+00:00,12
2025-04-21 15:34:44.298824+00:00,12
2025-04-21 15:34:50.869964+00:00,12
2025-04-21 15:34:55.644226+00:00,12
2025-04-21 15:34:56.615055+00:00,12
2025-04-21 15:35:02.575578+00:00,12
2025-04-21 15:35:12.468235+00:00,12
2025-04-21 15:35:16.254729+00:00,12
2025-04-21 15:35:32.482172+00:00,12
2025-04-21 15:35:43.194810+00:00,12
2025-04-21 15:35:43.314359+00:00,15
2025-04-21 15:35:48.216247+00:00,13
2025-04-21 15:35:48.235231+00:00,13
2025-04-21 15:35:51.915430+00:00,13
2025-04-21 15:35:51.916284+00:00,13
2025-04-21 15:36:00.455812+00:00,13
2025-04-21 15:36:05.337813+00:00,13
2025-04-21 15:36:14.022078+00:00,13
2025-04-21 15:36:20.275659+00:00,13
2025-04-21 15:36:20.314901+00:00,13
2025-04-21 15:36:33.678417+00:00,13
2025-04-21 15:36:56.975681+00:00,13
2025-04-21 15:36:57.135895+00:00,16
2025-04-21 15:36:57.136224+00:00,20
2025-04-21 15:36:57.415648+00:00,17
2025-04-21 15:36:59.075688+00:00,14
2025-04-21 15:37:01.915107+00:00,14
2025-04-21 15:37:01.955835+00:00,14
2025-04-21 15:37:18.235926+00:00,14
2025-04-21 15:37:18.437143+00:00,16
2025-04-21 15:37:18.940682+00:00,16
2025-04-21 15:37:19.914642+00:00,15
2025-04-21 15:37:23.575027+00:00,15
2025-04-21 15:37:30.780205+00:00,13
2025-04-21 15:37:47.740117+00:00,13
2025-04-21 15:37:58.336094+00:00,13
2025-04-21 15:38:01.915950+00:00,13
2025-04-21 15:38:02.240326+00:00,13
2025-04-21 15:39:21.269546+00:00,13
2025-04-21 15:39:39.619915+00:00,13
2025-04-21 15:39:57.247088+00:00,13
2025-04-21 15:40:03.841939+00:00,13
2025-04-21 15:40:04.015961+00:00,13
2025-04-21 15:40:09.495003+00:00,13
2025-04-21 15:40:09.516226+00:00,13
2025-04-21 15:41:09.136111+00:00,13
2025-04-21 15:41:23.036543+00:00,13
2025-04-21 15:41:23.095862+00:00,13
2025-04-21 15:41:27.415856+00:00,13
2025-04-21 15:41:27.434590+00:00,13
2025-04-21 15:41:37.010861+00:00,13
2025-04-21 15:41:39.435888+00:00,13
2025-04-21 15:41:39.656406+00:00,13
2025-04-21 15:42:11.126213+00:00,13
2025-04-21 15:42:25.445898+00:00,13
2025-04-21 15:42:35.659599+00:00,13
2025-04-21 15:42:39.615528+00:00,13
2025-04-21 15:42:49.155163+00:00,13
2025-04-21 15:42:49.795033+00:00,17
2025-04-21 15:43:14.514187+00:00,14
2025-04-21 15:43:18.815028+00:00,16
2025-04-21 15:43:20.797356+00:00,16
2025-04-21 15:43:28.936411+00:00,15
2025-04-21 15:43:38.654931+00:00,12
2025-04-21 15:43:40.354907+00:00,12
2025-04-21 15:43:40.814865+00:00,16
2025-04-21 15:43:59.847178+00:00,13
2025-04-21 15:44:04.134307+00:00,13
2025-04-21 15:44:04.275608+00:00,13
2025-04-21 15:44:04.276260+00:00,13
2025-04-21 15:44:06.896370+00:00,13
2025-04-21 15:44:06.897174+00:00,13
2025-04-21 15:44:10.356008+00:00,16
2025-04-21 15:44:10.356335+00:00,20
2025-04-21 15:44:10.835875+00:00,17
2025-04-21 15:44:11.555993+00:00,14
2025-04-21 15:44:15.141499+00:00,14
2025-04-21 15:44:15.415485+00:00,14
2025-04-21 15:44:31.216352+00:00,14
2025-04-21 15:44:31.835639+00:00,14
2025-04-21 15:44:43.835566+00:00,14
2025-04-21 15:44:49.682081+00:00,14
2025-04-21 15:44:58.864155+00:00,14
2025-04-21 15:45:06.846387+00:00,14
2025-04-21 15:45:19.062404+00:00,14
2025-04-21 15:45:33.849838+00:00,14
2025-04-21 15:45:47.764997+00:00,14
2025-04-21 15:46:00.730620+00:00,14
2025-04-21 15:46:06.855833+00:00,14
2025-04-21 15:46:06.896625+00:00,17
2025-04-21 15:46:08.356703+00:00,15
2025-04-21 15:46:15.006232+00:00,15
2025-04-21 15:46:24.567408+00:00,15
2025-04-21 15:46:24.915337+00:00,20
2025-04-21 15:46:30.395601+00:00,16
2025-04-21 15:46:30.935910+00:00,16
2025-04-21 15:46:32.935527+00:00,16
2025-04-21 15:46:35.574832+00:00,16
2025-04-21 15:46:35.936262+00:00,20
2025-04-21 15:46:40.034857+00:00,17
2025-04-21 15:46:40.115669+00:00,17
2025-04-21 15:46:40.364631+00:00,17
2025-04-21 15:46:40.364957+00:00,17
2025-04-21 15:46:45.454627+00:00,21
2025-04-21 15:46:50.037057+00:00,18
2025-04-21 15:46:51.055509+00:00,18
2025-04-21 15:46:51.075072+00:00,18
2025-04-21 15:46:51.395119+00:00,18
2025-04-21 15:46:51.395705+00:00,18
2025-04-21 15:46:55.900300+00:00,18
2025-04-21 15:47:01.076342+00:00,18
2025-04-21 15:47:01.095860+00:00,18
2025-04-21 15:47:03.355612+00:00,18
2025-04-21 15:47:03.374245+00:00,18
2025-04-21 15:47:09.300425+00:00,18
2025-04-21 15:47:17.454795+00:00,18
2025-04-21 15:47:17.495092+00:00,18
2025-04-21 15:47:40.924640+00:00,18
2025-04-21 15:47:42.497863+00:00,18
2025-04-21 15:47:47.947782+00:00,18
2025-04-21 15:47:51.914633+00:00,18
2025-04-21 15:48:04.855208+00:00,22
2025-04-21 15:48:07.495123+00:00,20
2025-04-21 15:48:09.495503+00:00,20
2025-04-21 15:48:39.417750+00:00,17
2025-04-21 15:48:39.638200+00:00,17
2025-04-21 15:48:51.761767+00:00,17
2025-04-21 15:49:10.087009+00:00,17
2025-04-21 15:49:17.655449+00:00,17
2025-04-21 15:49:21.815377+00:00,19
2025-04-21 15:49:42.775369+00:00,19
2025-04-21 15:50:22.615732+00:00,16
2025-04-21 15:50:22.616133+00:00,16
2025-04-21 15:50:22.794637+00:00,16
2025-04-21 15:50:22.815739+00:00,16
2025-04-21 15:50:24.795192+00:00,16
2025-04-21 15:50:24.835461+00:00,16
2025-04-21 15:50:29.359617+00:00,16
2025-04-21 15:50:34.338638+00:00,16
2025-04-21 15:50:35.235375+00:00,16
2025-04-21 15:50:47.654487+00:00,16
2025-04-21 15:50:47.675040+00:00,16
2025-04-21 15:51:00.485782+00:00,16
2025-04-21 15:51:13.384064+00:00,16
2025-04-21 15:51:21.873827+00:00,16
2025-04-21 15:51:21.895154+00:00,16
2025-04-21 15:51:38.101399+00:00,16
2025-04-21 15:51:46.284137+00:00,16
2025-04-21 15:51:47.175389+00:00,16
2025-04-21 15:51:47.175729+00:00,16
2025-04-21 15:52:01.516369+00:00,16
2025-04-21 15:52:01.555964+00:00,16
2025-04-21 15:52:08.857418+00:00,16
2025-04-21 15:52:08.994492+00:00,20
2025-04-21 15:52:13.715371+00:00,17
2025-04-21 15:52:14.175225+00:00,17
2025-04-21 15:52:14.175574+00:00,17
2025-04-21 15:52:15.554203+00:00,17
2025-04-21 15:52:15.574962+00:00,17
2025-04-21 15:52:20.955107+00:00,17
2025-04-21 15:52:20.994880+00:00,17
2025-04-21 15:52:43.681332+00:00,17
2025-04-21 15:53:02.277945+00:00,17
2025-04-21 15:53:17.571427+00:00,17
2025-04-21 15:53:23.462320+00:00,17
2025-04-21 15:53:38.948822+00:00,17
2025-04-21 15:53:40.995291+00:00,17
2025-04-21 15:53:41.894456+00:00,17
2025-04-21 15:53:41.894784+00:00,17
2025-04-21 15:53:41.914907+00:00,17
2025-04-21 15:53:45.723060+00:00,17
2025-04-21 15:53:49.275586+00:00,17
2025-04-21 15:53:50.654896+00:00,17
2025-04-21 15:53:50.835749+00:00,17
2025-04-21 15:53:50.836074+00:00,17
2025-04-21 15:53:55.587910+00:00,17
2025-04-21 15:54:01.252303+00:00,17
2025-04-21 15:54:14.636235+00:00,17
2025-04-21 15:54:14.636631+00:00,17
2025-04-21 15:54:14.655608+00:00,17
2025-04-21 15:54:15.015392+00:00,17
2025-04-21 15:54:16.174566+00:00,17
2025-04-21 15:54:16.175547+00:00,17
2025-04-21 15:54:20.594664+00:00,17
2025-04-21 15:54:20.834365+00:00,17
2025-04-21 15:54:29.014097+00:00,17
2025-04-21 15:54:31.715388+00:00,17
2025-04-21 15:54:35.679861+00:00,17
2025-04-21 15:54:37.936003+00:00,17
2025-04-21 15:54:37.936331+00:00,17
2025-04-21 15:54:37.936690+00:00,17
2025-04-21 15:54:38.755311+00:00,17
2025-04-21 15:54:40.636006+00:00,17
2025-04-21 15:54:40.655923+00:00,17
2025-04-21 15:54:56.808756+00:00,17
2025-04-21 15:55:06.915953+00:00,17
2025-04-21 15:55:06.916280+00:00,17
2025-04-21 15:55:06.916676+00:00,17
2025-04-21 15:55:07.763381+00:00,17
2025-04-21 15:55:08.055772+00:00,17
2025-04-21 15:55:08.235490+00:00,17
2025-04-21 15:55:08.236230+00:00,17
2025-04-21 15:55:08.236540+00:00,17
2025-04-21 15:55:12.616459+00:00,17
2025-04-21 15:55:12.755691+00:00,17
2025-04-21 15:55:17.543089+00:00,17
2025-04-21 15:55:17.543516+00:00,17
2025-04-21 15:55:17.734835+00:00,17
2025-04-21 15:55:17.735161+00:00,17
2025-04-21 15:55:30.222459+00:00,17
2025-04-21 15:55:30.774903+00:00,17
2025-04-21 15:55:31.154670+00:00,17
2025-04-21 15:55:31.774442+00:00,17
2025-04-21 15:55:50.136174+00:00,17
2025-04-21 15:55:50.156428+00:00,17
2025-04-21 15:55:55.156513+00:00,17
2025-04-21 15:55:55.157125+00:00,17
2025-04-21 15:55:56.195033+00:00,17
2025-04-21 15:55:56.275815+00:00,17
2025-04-21 15:55:56.276132+00:00,17
2025-04-21 15:56:05.916343+00:00,17
2025-04-21 15:56:22.375256+00:00,17
2025-04-21 15:56:27.594148+00:00,17
2025-04-21 15:56:27.615647+00:00,17
2025-04-21 15:56:40.876265+00:00,17
2025-04-21 15:56:46.630293+00:00,17
2025-04-21 15:56:48.314406+00:00,17
2025-04-21 15:56:52.790605+00:00,17
2025-04-21 15:56:58.335372+00:00,17
2025-04-21 15:57:00.735679+00:00,17
2025-04-21 15:57:00.736422+00:00,17
2025-04-21 15:57:12.342324+00:00,17
2025-04-21 15:57:17.475098+00:00,17
2025-04-21 15:57:17.495331+00:00,17
2025-04-21 15:57:39.250003+00:00,17
2025-04-21 15:57:46.236946+00:00,17
2025-04-21 15:57:46.238510+00:00,17
2025-04-21 15:58:03.405308+00:00,17
2025-04-21 15:58:25.306485+00:00,17
2025-04-21 15:58:47.828516+00:00,17
2025-04-21 15:59:10.667901+00:00,17
2025-04-21 15:59:24.774524+00:00,17
2025-04-21 15:59:26.696380+00:00,17
2025-04-21 15:59:26.697071+00:00,17
2025-04-21 15:59:53.074276+00:00,17
2025-04-21 15:59:53.555287+00:00,17
2025-04-21 15:59:53.555940+00:00,17
2025-04-21 16:00:09.577030+00:00,17
2025-04-21 16:00:31.395302+00:00,17
2025-04-21 16:00:40.054823+00:00,19
2025-04-21 16:00:49.035132+00:00,19
2025-04-21 16:01:11.234062+00:00,16
2025-04-21 16:01:35.477104+00:00,16
2025-04-21 16:01:35.496402+00:00,16
2025-04-21 16:01:40.597170+00:00,16
2025-04-21 16:01:40.677343+00:00,16
2025-04-21 16:02:08.966145+00:00,16
2025-04-21 16:02:23.066884+00:00,16
2025-04-21 16:02:43.257007+00:00,16
2025-04-21 16:02:43.257402+00:00,16
2025-04-21 16:02:47.137030+00:00,16
2025-04-21 16:02:47.137669+00:00,16
2025-04-21 16:03:03.856693+00:00,16
2025-04-21 16:03:04.297111+00:00,16
2025-04-21 16:03:05.896685+00:00,16
2025-04-21 16:03:14.297181+00:00,20
2025-04-21 16:03:46.425713+00:00,17
2025-04-21 16:04:06.005106+00:00,17
2025-04-21 16:04:15.837501+00:00,17
2025-04-21 16:04:17.398380+00:00,17
2025-04-21 16:04:17.416214+00:00,17
2025-04-21 16:04:22.935725+00:00,17
2025-04-21 16:04:22.936060+00:00,17
2025-04-21 16:04:23.358085+00:00,21
2025-04-21 16:04:34.018302+00:00,18
2025-04-21 16:04:51.217768+00:00,23
2025-04-21 16:04:51.297022+00:00,20
2025-04-21 16:04:54.276513+00:00,20
2025-04-21 16:05:16.716470+00:00,17
2025-04-21 16:05:19.217005+00:00,17
2025-04-21 16:05:19.277124+00:00,21
2025-04-21 16:05:25.056397+00:00,18
2025-04-21 16:05:25.057165+00:00,18
2025-04-21 16:05:33.490053+00:00,18
2025-04-21 16:05:35.597201+00:00,18
2025-04-21 16:05:40.281592+00:00,18
2025-04-21 16:05:42.617179+00:00,18
2025-04-21 16:05:42.756607+00:00,18
2025-04-21 16:05:51.329592+00:00,18
2025-04-21 16:05:59.792350+00:00,18
2025-04-21 16:06:00.376894+00:00,18
2025-04-21 16:06:05.177345+00:00,21
2025-04-21 16:06:05.177730+00:00,23
2025-04-21 16:06:05.376820+00:00,22
2025-04-21 16:06:05.377244+00:00,22
2025-04-21 16:06:23.299877+00:00,19
2025-04-21 16:06:24.217529+00:00,21
2025-04-21 16:06:53.768462+00:00,18
2025-04-21 16:07:08.098104+00:00,18
2025-04-21 16:07:08.516424+00:00,18
2025-04-21 16:07:36.190196+00:00,18
2025-04-21 16:07:57.210171+00:00,18
2025-04-21 16:08:08.761815+00:00,18
2025-04-21 16:08:25.598118+00:00,18
2025-04-21 16:08:25.618437+00:00,18
2025-04-21 16:08:27.237838+00:00,18
2025-04-21 16:08:27.238543+00:00,18
2025-04-21 16:08:28.017833+00:00,18
2025-04-21 16:08:28.037587+00:00,18
2025-04-21 16:08:28.037848+00:00,18
2025-04-21 16:08:32.097107+00:00,20
2025-04-21 16:08:34.096785+00:00,20
2025-04-21 16:08:35.838422+00:00,16
2025-04-21 16:08:39.076807+00:00,19
2025-04-21 16:09:13.756355+00:00,16
2025-04-21 16:09:13.776766+00:00,16
2025-04-21 16:09:36.838033+00:00,16
2025-04-21 16:09:41.358031+00:00,18
2025-04-21 16:09:55.357498+00:00,18
2025-04-21 16:10:01.356853+00:00,18
2025-04-21 16:10:09.399004+00:00,14
2025-04-21 16:10:10.356124+00:00,18
2025-04-21 16:10:12.356609+00:00,18
2025-04-21 16:10:21.576799+00:00,15
2025-04-21 16:10:21.577534+00:00,15
2025-04-21 16:10:26.336373+00:00,15
2025-04-21 16:10:26.418269+00:00,15
2025-04-21 16:10:26.840297+00:00,15
2025-04-21 16:10:26.840623+00:00,15
2025-04-21 16:10:32.797047+00:00,15
2025-04-21 16:10:33.498043+00:00,15
2025-04-21 16:10:33.498379+00:00,15
2025-04-21 16:10:59.396590+00:00,15
2025-04-21 16:11:03.437973+00:00,15
2025-04-21 16:11:03.438730+00:00,15
2025-04-21 16:11:03.817760+00:00,15
2025-04-21 16:11:03.837722+00:00,15
2025-04-21 16:11:08.018475+00:00,15
2025-04-21 16:11:08.237918+00:00,15
2025-04-21 16:11:20.656823+00:00,15
2025-04-21 16:11:39.996818+00:00,15
2025-04-21 16:11:40.097063+00:00,15
2025-04-21 16:11:40.116697+00:00,15
2025-04-21 16:11:40.176227+00:00,15
2025-04-21 16:11:40.176553+00:00,15
2025-04-21 16:11:45.037159+00:00,15
2025-04-21 16:11:45.617692+00:00,15
2025-04-21 16:11:45.636829+00:00,15
2025-04-21 16:11:50.417173+00:00,15
2025-04-21 16:11:50.458252+00:00,15
2025-04-21 16:12:03.437364+00:00,16
2025-04-21 16:12:06.117222+00:00,13
2025-04-21 16:12:06.137593+00:00,13
2025-04-21 16:12:09.397371+00:00,13
2025-04-21 16:12:15.397313+00:00,17
2025-04-21 16:12:34.357011+00:00,14
2025-04-21 16:12:34.377477+00:00,14
2025-04-21 16:12:35.716557+00:00,14
2025-04-21 16:12:35.737800+00:00,14
2025-04-21 16:12:55.584467+00:00,14
2025-04-21 16:13:00.993334+00:00,14
2025-04-21 16:13:03.377183+00:00,14
2025-04-21 16:13:04.416781+00:00,16
2025-04-21 16:13:41.957905+00:00,13
2025-04-21 16:13:41.977695+00:00,13
2025-04-21 16:13:53.478083+00:00,13
2025-04-21 16:13:53.497269+00:00,13
2025-04-21 16:13:56.537504+00:00,13
2025-04-21 16:13:56.556897+00:00,13
2025-04-21 16:14:00.317112+00:00,13
2025-04-21 16:14:00.577195+00:00,17
2025-04-21 16:14:03.696256+00:00,14
2025-04-21 16:14:13.976663+00:00,14
2025-04-21 16:14:13.996587+00:00,14
2025-04-21 16:14:16.797187+00:00,14
2025-04-21 16:14:20.158885+00:00,14
2025-04-21 16:14:20.237653+00:00,14
2025-04-21 16:14:20.557945+00:00,14
2025-04-21 16:14:20.558276+00:00,14
2025-04-21 16:14:22.536891+00:00,14
2025-04-21 16:14:28.317209+00:00,14
2025-04-21 16:14:28.615916+00:00,18
2025-04-21 16:14:29.637571+00:00,18
2025-04-21 16:14:48.104531+00:00,15
2025-04-21 16:14:51.397812+00:00,15
2025-04-21 16:15:22.431967+00:00,15
2025-04-21 16:18:17.657178+00:00,19
2025-04-21 16:18:25.656920+00:00,20
2025-04-21 16:20:16.836256+00:00,21
2025-04-21 16:20:17.738310+00:00,21
2025-04-21 16:20:38.496467+00:00,18
2025-04-21 16:20:38.697158+00:00,18
2025-04-21 16:20:41.337123+00:00,18
2025-04-21 16:21:17.996148+00:00,18
2025-04-21 16:21:22.916646+00:00,18
2025-04-21 16:21:23.216014+00:00,22
2025-04-21 16:21:23.475885+00:00,22
2025-04-21 16:21:35.857443+00:00,19
2025-04-21 16:22:05.498424+00:00,19
2025-04-21 16:22:46.797169+00:00,19
2025-04-21 16:22:47.078674+00:00,19
2025-04-21 16:22:47.097883+00:00,19
2025-04-21 16:22:47.797012+00:00,19
2025-04-21 16:22:47.816626+00:00,19
2025-04-21 16:22:48.777922+00:00,19
2025-04-21 16:22:48.797797+00:00,19
2025-04-21 16:22:50.337717+00:00,19
2025-04-21 16:22:50.357242+00:00,19
2025-04-21 16:22:50.578586+00:00,19
2025-04-21 16:22:50.858725+00:00,19
2025-04-21 16:22:51.197324+00:00,19
2025-04-21 16:22:51.218193+00:00,19
2025-04-21 16:22:52.138119+00:00,19
2025-04-21 16:22:52.138749+00:00,19
2025-04-21 16:23:00.737084+00:00,19
2025-04-21 16:23:00.756500+00:00,19
2025-04-21 16:23:05.078152+00:00,19
2025-04-21 16:23:05.106681+00:00,19
2025-04-21 16:23:05.717075+00:00,19
2025-04-21 16:23:05.736188+00:00,19
2025-04-21 16:23:06.417658+00:00,19
2025-04-21 16:23:07.237692+00:00,19
2025-04-21 16:23:09.037354+00:00,19
2025-04-21 16:23:09.037994+00:00,19
2025-04-21 16:23:13.637986+00:00,21
2025-04-21 16:23:17.516305+00:00,21
2025-04-21 16:23:26.516219+00:00,20
2025-04-21 16:24:19.297585+00:00,17
2025-04-21 16:24:44.356698+00:00,21
2025-04-21 16:24:59.958155+00:00,17
2025-04-21 16:25:16.237190+00:00,17
2025-04-21 16:25:16.256635+00:00,17
2025-04-21 16:25:58.429205+00:00,17
2025-04-21 16:26:21.766172+00:00,17
2025-04-21 16:26:26.017586+00:00,17
2025-04-21 16:26:38.356962+00:00,21
2025-04-21 16:26:39.036561+00:00,21
2025-04-21 16:26:45.037231+00:00,18
2025-04-21 16:26:48.537532+00:00,18
2025-04-21 16:26:50.138104+00:00,22
2025-04-21 16:27:01.896882+00:00,19
2025-04-21 16:27:02.201495+00:00,23
2025-04-21 16:27:30.917376+00:00,20
2025-04-21 16:27:32.016659+00:00,20
2025-04-21 16:27:32.217479+00:00,24
2025-04-21 16:27:46.577823+00:00,21
2025-04-21 16:28:18.458087+00:00,21
2025-04-21 16:28:18.458740+00:00,21
2025-04-21 16:28:24.198037+00:00,21
2025-04-21 16:28:24.817360+00:00,21
2025-04-21 16:28:24.817688+00:00,21
2025-04-21 16:28:26.437569+00:00,25
2025-04-21 16:28:26.537497+00:00,25
2025-04-21 16:28:48.317451+00:00,23
2025-04-21 16:29:04.415868+00:00,23
2025-04-21 16:29:04.537600+00:00,23
2025-04-21 16:29:05.916131+00:00,23
2025-04-21 16:29:08.336901+00:00,23
2025-04-21 16:29:12.576769+00:00,23
2025-04-21 16:29:12.577500+00:00,23
2025-04-21 16:29:52.696837+00:00,23
2025-04-21 16:29:52.697135+00:00,23
2025-04-21 16:29:52.936047+00:00,23
2025-04-21 16:29:52.957297+00:00,23
2025-04-21 16:29:52.957618+00:00,23
2025-04-21 16:29:55.117698+00:00,24
2025-04-21 16:30:04.577942+00:00,22
2025-04-21 16:30:04.596637+00:00,22
2025-04-21 16:30:44.998256+00:00,22
2025-04-21 16:30:45.016809+00:00,22
2025-04-21 16:30:45.957473+00:00,22
2025-04-21 16:30:45.976869+00:00,22
2025-04-21 16:30:58.997300+00:00,24
2025-04-21 16:30:59.437008+00:00,21
2025-04-21 16:31:06.798268+00:00,21
2025-04-21 16:31:06.817310+00:00,21
2025-04-21 16:31:08.618299+00:00,21
2025-04-21 16:31:08.619020+00:00,21
2025-04-21 16:31:11.197509+00:00,21
2025-04-21 16:31:11.216756+00:00,21
2025-04-21 16:31:13.976973+00:00,21
2025-04-21 16:31:13.996821+00:00,21
2025-04-21 16:32:06.558339+00:00,21
2025-04-21 16:32:07.319254+00:00,24
2025-04-21 16:32:20.536870+00:00,22
2025-04-21 16:32:20.537196+00:00,22
2025-04-21 16:32:38.036716+00:00,21
2025-04-21 16:32:38.177091+00:00,21
2025-04-21 16:32:50.441027+00:00,21
2025-04-21 16:33:10.056392+00:00,21
2025-04-21 16:33:10.077724+00:00,21
2025-04-21 16:33:10.678960+00:00,21
2025-04-21 16:33:10.698360+00:00,21
2025-04-21 16:33:17.435994+00:00,21
2025-04-21 16:33:17.456660+00:00,21
2025-04-21 16:33:19.057927+00:00,21
2025-04-21 16:33:19.080004+00:00,21
2025-04-21 16:33:49.977834+00:00,21
2025-04-21 16:33:49.997602+00:00,21
2025-04-21 16:33:52.576520+00:00,21
2025-04-21 16:33:52.916303+00:00,21
2025-04-21 16:34:24.477102+00:00,21
2025-04-21 16:34:24.497623+00:00,21
2025-04-21 16:34:24.876816+00:00,21
2025-04-21 16:34:24.877825+00:00,21
2025-04-21 16:34:25.180086+00:00,21
2025-04-21 16:34:25.182090+00:00,21
2025-04-21 16:35:15.077384+00:00,21
2025-04-21 16:35:15.157279+00:00,24
2025-04-21 16:35:15.557669+00:00,22
2025-04-21 16:35:17.397027+00:00,22
2025-04-21 16:35:17.397353+00:00,22
2025-04-21 16:35:57.339629+00:00,22
2025-04-21 16:36:35.179988+00:00,24
2025-04-21 16:36:36.176576+00:00,24
2025-04-21 16:36:36.198054+00:00,24
2025-04-21 16:36:36.198380+00:00,27
2025-04-21 16:36:43.237681+00:00,20
2025-04-21 16:36:43.537691+00:00,20
2025-04-21 16:36:47.197407+00:00,23
2025-04-21 16:37:09.817215+00:00,23
2025-04-21 16:37:28.656865+00:00,20
2025-04-21 16:37:28.657193+00:00,20
2025-04-21 16:37:32.038209+00:00,20
2025-04-21 16:37:32.318451+00:00,20
2025-04-21 16:37:32.738437+00:00,20
2025-04-21 16:37:33.197681+00:00,20
2025-04-21 16:37:38.997069+00:00,22
2025-04-21 16:38:13.057635+00:00,19
2025-04-21 16:38:14.016627+00:00,23
2025-04-21 16:38:14.977866+00:00,19
2025-04-21 16:38:15.037261+00:00,22
2025-04-21 16:38:26.055412+00:00,19
2025-04-21 16:38:26.155375+00:00,19
2025-04-21 16:38:32.974294+00:00,19
2025-04-21 16:38:33.053695+00:00,23
2025-04-21 16:38:34.035367+00:00,23
2025-04-21 16:39:13.694285+00:00,20
2025-04-21 16:39:14.076845+00:00,24
2025-04-21 16:39:14.077173+00:00,24
2025-04-21 16:40:05.394784+00:00,22
2025-04-21 16:40:05.395484+00:00,22
2025-04-21 16:40:06.935319+00:00,22
2025-04-21 16:40:06.955146+00:00,22
2025-04-21 16:40:15.136976+00:00,22
2025-04-21 16:40:15.337513+00:00,22
2025-04-21 16:40:19.395306+00:00,22
2025-04-21 16:40:19.396154+00:00,22
2025-04-21 16:40:32.850587+00:00,22
2025-04-21 16:40:33.796870+00:00,25
2025-04-21 16:40:34.075137+00:00,25
2025-04-21 16:40:35.055605+00:00,25
2025-04-21 16:40:58.117261+00:00,23
2025-04-21 16:40:58.235684+00:00,23
2025-04-21 16:40:59.437159+00:00,23
2025-04-21 16:40:59.535554+00:00,23
2025-04-21 16:41:43.632061+00:00,23
2025-04-21 16:41:52.155361+00:00,23
2025-04-21 16:41:52.354853+00:00,26
2025-04-21 16:42:02.356464+00:00,24
2025-04-21 16:42:06.239050+00:00,24
2025-04-21 16:42:11.296425+00:00,24
2025-04-21 16:42:12.455669+00:00,24
2025-04-21 16:42:13.374295+00:00,27
2025-04-21 16:42:22.421427+00:00,25
2025-04-21 16:42:45.255875+00:00,25
2025-04-21 16:43:09.636516+00:00,25
2025-04-21 16:43:20.156088+00:00,25
2025-04-21 16:43:42.664599+00:00,25
2025-04-21 16:43:46.935731+00:00,25
2025-04-21 16:44:05.346608+00:00,25
2025-04-21 16:44:56.255345+00:00,25
2025-04-21 16:45:00.175365+00:00,25
2025-04-21 16:45:07.595610+00:00,25
2025-04-21 16:45:08.534818+00:00,28
2025-04-21 16:45:16.056996+00:00,26
2025-04-21 16:45:16.057323+00:00,26
2025-04-21 16:45:29.855484+00:00,31
2025-04-21 16:45:29.895581+00:00,31
2025-04-21 16:46:42.834540+00:00,28
2025-04-21 16:52:11.255017+00:00,31
2025-04-21 16:52:13.637141+00:00,31
2025-04-21 16:56:44.354563+00:00,27
2025-04-21 16:56:44.354889+00:00,27
2025-04-21 17:01:58.634867+00:00,30
2025-04-21 17:02:10.096976+00:00,25
2025-04-21 17:02:10.097299+00:00,25
2025-04-21 17:02:12.894644+00:00,28
2025-04-21 17:02:18.375555+00:00,28
2025-04-21 17:02:20.334724+00:00,28
2025-04-21 17:02:20.694484+00:00,28
2025-04-21 17:02:27.974983+00:00,24
2025-04-21 17:02:27.975310+00:00,28
2025-04-21 17:02:28.135007+00:00,28
2025-04-21 17:02:28.195126+00:00,28
2025-04-21 17:02:28.544994+00:00,24
2025-04-21 17:02:28.545320+00:00,28
2025-04-21 17:02:33.639247+00:00,24
2025-04-21 17:02:55.454494+00:00,24
2025-04-21 17:02:55.474797+00:00,24
2025-04-21 17:02:55.475123+00:00,24
2025-04-21 17:03:02.037396+00:00,25
2025-04-21 17:03:34.774412+00:00,23
2025-04-21 17:03:34.774738+00:00,23
2025-04-21 17:03:51.554825+00:00,24
2025-04-21 17:03:54.553904+00:00,24
2025-04-21 17:03:55.294502+00:00,24
2025-04-21 17:04:13.355203+00:00,28
2025-04-21 17:04:13.516076+00:00,28
2025-04-21 17:04:17.936619+00:00,23
2025-04-21 17:05:02.495978+00:00,26
2025-04-21 17:05:02.537170+00:00,21
2025-04-21 17:05:14.074797+00:00,19
2025-04-21 17:05:14.214229+00:00,19
2025-04-21 17:05:14.513671+00:00,19
2025-04-21 17:05:14.813835+00:00,19
2025-04-21 17:05:16.794054+00:00,18
2025-04-21 17:05:16.814868+00:00,18
2025-04-21 17:05:16.815196+00:00,18
2025-04-21 17:05:17.354769+00:00,18
2025-04-21 17:05:17.495832+00:00,18
2025-04-21 17:05:18.354828+00:00,18
2025-04-21 17:05:18.394160+00:00,20
2025-04-21 17:05:18.494602+00:00,20
2025-04-21 17:05:24.134914+00:00,19
2025-04-21 17:05:24.214278+00:00,19
2025-04-21 17:05:24.215011+00:00,18
2025-04-21 17:05:24.339139+00:00,18
2025-04-21 17:05:24.339480+00:00,17
2025-04-21 17:05:24.355414+00:00,17
2025-04-21 17:05:25.774263+00:00,19
2025-04-21 17:05:28.774033+00:00,18
2025-04-21 17:05:46.455315+00:00,19
2025-04-21 17:05:46.455642+00:00,19
2025-04-21 17:05:46.455964+00:00,19
2025-04-21 17:05:47.354001+00:00,19
2025-04-21 17:06:00.195476+00:00,20
2025-04-21 17:06:00.195836+00:00,20
2025-04-21 17:06:00.454169+00:00,20
2025-04-21 17:06:00.474448+00:00,20
2025-04-21 17:06:02.574791+00:00,19
2025-04-21 17:06:02.575213+00:00,19
2025-04-21 17:06:02.594757+00:00,19
2025-04-21 17:06:03.134782+00:00,18
2025-04-21 17:06:03.153941+00:00,19
2025-04-21 17:06:03.154268+00:00,19
2025-04-21 17:06:09.254528+00:00,19
2025-04-21 17:06:09.274286+00:00,20
2025-04-21 17:06:09.274615+00:00,20
2025-04-21 17:06:09.394427+00:00,20
2025-04-21 17:06:09.417440+00:00,20
2025-04-21 17:06:11.794462+00:00,19
2025-04-21 17:06:11.794789+00:00,19
2025-04-21 17:06:11.834957+00:00,19
2025-04-21 17:06:12.014525+00:00,18
2025-04-21 17:06:12.054929+00:00,19
2025-04-21 17:06:12.055255+00:00,19
2025-04-21 17:06:12.514657+00:00,19
2025-04-21 17:06:12.554684+00:00,19
2025-04-21 17:06:14.515274+00:00,18
2025-04-21 17:06:14.515757+00:00,18
2025-04-21 17:06:15.914156+00:00,19
2025-04-21 17:06:15.914487+00:00,19
2025-04-21 17:06:15.933938+00:00,19
2025-04-21 17:06:19.355118+00:00,18
2025-04-21 17:06:19.774390+00:00,16
2025-04-21 17:06:20.354942+00:00,18
2025-04-21 17:06:24.643998+00:00,18
2025-04-21 17:06:24.841069+00:00,19
2025-04-21 17:06:24.841396+00:00,19
2025-04-21 17:06:24.934813+00:00,19
2025-04-21 17:06:51.015015+00:00,17
2025-04-21 17:06:52.317028+00:00,17
2025-04-21 17:07:03.342305+00:00,16
2025-04-21 17:07:03.560555+00:00,18
2025-04-21 17:07:03.868056+00:00,21
2025-04-21 17:07:04.258753+00:00,19
2025-04-21 17:07:04.437919+00:00,19
2025-04-21 17:07:04.438246+00:00,21
2025-04-21 17:07:10.454064+00:00,17
2025-04-21 17:07:24.393529+00:00,17
2025-04-21 17:07:25.034922+00:00,19
2025-04-21 17:07:25.676023+00:00,23
2025-04-21 17:07:25.734294+00:00,20
2025-04-21 17:07:30.994150+00:00,18
2025-04-21 17:07:31.095112+00:00,18
2025-04-21 17:07:35.836211+00:00,18
2025-04-21 17:07:38.315964+00:00,18
2025-04-21 17:07:38.835685+00:00,20
2025-04-21 17:07:46.434428+00:00,21
2025-04-21 17:08:11.516044+00:00,25
2025-04-21 17:08:54.575381+00:00,18
2025-04-21 17:08:54.715121+00:00,20
2025-04-21 17:09:17.740943+00:00,19
2025-04-21 17:09:18.039032+00:00,21
2025-04-21 17:09:21.039262+00:00,20
2025-04-21 17:09:21.356051+00:00,22
2025-04-21 17:09:26.055135+00:00,27
2025-04-21 17:09:26.214838+00:00,22
2025-04-21 17:09:26.215164+00:00,22
2025-04-21 17:09:26.455880+00:00,22
2025-04-21 17:09:27.074264+00:00,22
2025-04-21 17:09:28.074380+00:00,23
2025-04-21 17:09:28.096199+00:00,23
2025-04-21 17:09:28.096524+00:00,27
2025-04-21 17:09:37.097837+00:00,23
2025-04-21 17:09:51.473952+00:00,23
2025-04-21 17:09:51.474278+00:00,23
2025-04-21 17:10:37.475403+00:00,27
2025-04-21 17:10:55.174262+00:00,22
2025-04-21 17:11:07.801640+00:00,27
2025-04-21 17:11:19.835003+00:00,25
2025-04-21 17:11:28.174559+00:00,27
2025-04-21 17:11:28.214086+00:00,23
2025-04-21 17:11:28.233366+00:00,23
2025-04-21 17:12:33.576267+00:00,29
2025-04-21 17:12:56.434271+00:00,26
2025-04-21 17:12:56.515922+00:00,26
2025-04-21 17:12:56.879085+00:00,26
2025-04-21 17:12:56.879411+00:00,26
2025-04-21 17:13:03.461987+00:00,26
2025-04-21 17:13:03.462310+00:00,31
2025-04-21 17:13:26.075359+00:00,29
2025-04-21 17:13:31.495770+00:00,29
2025-04-21 17:13:46.055404+00:00,29
2025-04-21 17:13:46.534059+00:00,26
2025-04-21 17:13:46.534519+00:00,26
2025-04-21 17:16:37.535993+00:00,31
2025-04-21 17:17:03.034001+00:00,27
2025-04-21 17:17:03.034628+00:00,27
2025-04-21 17:17:03.034889+00:00,28
2025-04-21 17:17:42.659004+00:00,27
2025-04-21 17:17:42.753785+00:00,28
2025-04-21 17:17:42.775220+00:00,26
2025-04-21 17:17:44.914373+00:00,28
2025-04-21 17:18:06.634271+00:00,31
2025-04-21 17:20:52.033906+00:00,29
2025-04-21 17:21:35.694439+00:00,30
2025-04-21 17:22:55.633983+00:00,29
2025-04-21 17:23:09.475065+00:00,29
2025-04-21 17:23:09.475483+00:00,29
2025-04-21 17:23:44.394276+00:00,29
2025-04-21 17:23:45.213739+00:00,33
2025-04-21 17:23:50.194010+00:00,33
2025-04-21 17:24:13.214028+00:00,33
2025-04-21 17:24:14.214903+00:00,33
2025-04-21 17:24:15.693726+00:00,33
2025-04-21 17:24:19.214720+00:00,33
2025-04-21 17:24:20.213204+00:00,33
2025-04-21 17:24:33.234545+00:00,29
2025-04-21 17:24:33.593474+00:00,33
2025-04-21 17:24:33.593828+00:00,38
2025-04-21 17:25:02.973653+00:00,29
2025-04-21 17:25:10.158660+00:00,29
2025-04-21 17:25:10.162034+00:00,29
2025-04-21 17:25:41.273900+00:00,33
2025-04-21 17:25:46.774004+00:00,30
2025-04-21 17:25:46.774412+00:00,30
2025-04-21 17:26:41.334464+00:00,33
2025-04-21 17:28:49.348715+00:00,31
2025-04-21 17:28:49.350514+00:00,31
2025-04-21 17:32:09.073269+00:00,32
2025-04-21 17:32:28.214440+00:00,32
2025-04-21 17:32:36.499943+00:00,32
2025-04-21 17:32:36.520143+00:00,32
2025-04-21 17:36:03.573794+00:00,33
2025-04-21 17:36:08.574338+00:00,33
2025-04-21 17:36:27.135156+00:00,30
2025-04-21 17:36:27.734769+00:00,33
2025-04-21 17:36:47.642208+00:00,31
2025-04-21 17:36:47.654998+00:00,31
2025-04-21 17:36:54.592642+00:00,33
2025-04-21 17:36:56.153679+00:00,32
2025-04-21 17:36:56.612631+00:00,33
2025-04-21 17:36:56.933843+00:00,30
2025-04-21 17:36:57.573078+00:00,33
2025-04-21 17:37:23.614155+00:00,33
2025-04-21 17:37:24.593979+00:00,33
2025-04-21 17:37:53.254628+00:00,31
2025-04-21 17:37:58.423050+00:00,31
2025-04-21 17:37:58.734685+00:00,31
2025-04-21 17:38:31.154578+00:00,31
2025-04-21 17:38:31.155080+00:00,31
2025-04-21 17:38:31.614402+00:00,33
2025-04-21 17:38:36.653772+00:00,32
2025-04-21 17:38:36.654264+00:00,32
2025-04-21 17:38:45.413417+00:00,32
2025-04-21 17:38:45.914650+00:00,32
2025-04-21 17:38:46.735242+00:00,35
2025-04-21 17:38:47.634981+00:00,35
2025-04-21 17:42:38.392716+00:00,40
2025-04-21 17:42:38.753448+00:00,33
2025-04-21 17:42:44.753423+00:00,33
2025-04-21 17:43:28.959372+00:00,30
2025-04-21 17:43:28.974404+00:00,30
2025-04-21 17:43:46.238841+00:00,30
2025-04-21 17:43:46.241262+00:00,30
2025-04-21 17:44:15.093744+00:00,33
2025-04-21 17:44:37.573137+00:00,31
2025-04-21 17:44:55.005606+00:00,31
2025-04-21 17:44:55.013382+00:00,31
2025-04-21 17:44:58.132949+00:00,33
2025-04-21 17:45:33.112866+00:00,33
2025-04-21 17:45:53.313024+00:00,31
2025-04-21 17:45:54.233695+00:00,31
2025-04-21 17:45:55.135649+00:00,33
2025-04-21 17:46:07.833819+00:00,30
2025-04-21 17:46:20.133827+00:00,33
2025-04-21 17:47:07.513571+00:00,31
2025-04-21 17:47:18.181044+00:00,31
2025-04-21 17:47:18.197932+00:00,31
2025-04-21 17:48:56.453808+00:00,35
2025-04-21 17:49:01.513759+00:00,32
2025-04-21 17:49:15.522493+00:00,32
2025-04-21 17:49:15.535260+00:00,32
2025-04-21 17:49:37.673218+00:00,32
2025-04-21 17:49:37.673628+00:00,32
2025-04-21 17:49:58.514039+00:00,35
2025-04-21 17:50:33.093678+00:00,31
2025-04-21 17:50:33.272897+00:00,33
2025-04-21 17:50:35.273487+00:00,33
2025-04-21 17:50:53.293586+00:00,33
2025-04-21 17:50:53.814262+00:00,31
2025-04-21 17:50:54.293846+00:00,33
2025-04-21 17:51:12.135400+00:00,32
2025-04-21 17:51:12.535967+00:00,35
2025-04-21 17:51:13.534007+00:00,35
2025-04-21 17:51:23.894392+00:00,33
2025-04-21 17:51:24.473852+00:00,33
2025-04-21 17:51:28.473599+00:00,29
2025-04-21 17:51:28.473942+00:00,29
2025-04-21 17:51:29.454537+00:00,33
2025-04-21 17:51:32.094392+00:00,33
2025-04-21 17:51:32.473209+00:00,33
2025-04-21 17:51:40.486272+00:00,29
2025-04-21 17:51:40.488244+00:00,29
2025-04-21 17:51:58.035232+00:00,29
2025-04-21 17:51:58.835655+00:00,29
2025-04-21 17:51:59.736668+00:00,29
2025-04-21 17:52:12.393439+00:00,29
2025-04-21 17:52:19.994850+00:00,29
2025-04-21 17:52:21.273238+00:00,29
2025-04-21 17:52:21.493196+00:00,33
2025-04-21 17:53:16.555209+00:00,33
2025-04-21 17:53:17.533675+00:00,33
2025-04-21 17:53:18.975527+00:00,33
2025-04-21 17:53:19.533533+00:00,33
2025-04-21 17:53:27.974333+00:00,27
2025-04-21 17:53:27.974756+00:00,27
2025-04-21 17:53:28.533632+00:00,31
2025-04-21 17:53:29.532426+00:00,31
2025-04-21 17:53:34.193336+00:00,31
2025-04-21 17:53:43.552195+00:00,31
2025-04-21 17:53:53.654708+00:00,27
2025-04-21 17:53:54.533770+00:00,31
2025-04-21 17:54:02.494815+00:00,31
2025-04-21 17:54:05.233786+00:00,28
2025-04-21 17:54:05.234234+00:00,28
2025-04-21 17:54:28.053163+00:00,31
2025-04-21 17:54:28.053523+00:00,39
2025-04-21 17:54:28.574525+00:00,33
2025-04-21 17:54:29.554434+00:00,29
2025-04-21 17:54:29.554722+00:00,29
2025-04-21 17:55:06.552893+00:00,33
2025-04-21 17:55:08.552734+00:00,33
2025-04-21 17:55:25.554786+00:00,31
2025-04-21 17:55:44.088173+00:00,27
2025-04-21 17:55:44.095896+00:00,27
2025-04-21 17:56:05.374412+00:00,31
2025-04-21 17:57:04.343298+00:00,26
2025-04-21 17:57:14.974400+00:00,26
2025-04-21 17:57:18.675391+00:00,26
2025-04-21 17:57:18.773766+00:00,31
2025-04-21 17:57:18.774103+00:00,31
2025-04-21 17:57:19.074159+00:00,36
2025-04-21 17:57:22.573730+00:00,29
2025-04-21 17:57:44.741197+00:00,24
2025-04-21 17:58:02.592805+00:00,29
2025-04-21 17:58:09.633367+00:00,29
2025-04-21 17:58:12.593890+00:00,29
2025-04-21 17:58:15.613790+00:00,29
2025-04-21 17:58:42.593660+00:00,29
2025-04-21 17:58:50.113759+00:00,25
2025-04-21 17:58:50.613145+00:00,29
2025-04-21 17:58:50.633578+00:00,29
2025-04-21 17:58:54.032096+00:00,29
2025-04-21 17:58:57.593472+00:00,27
2025-04-21 17:59:09.401310+00:00,27
2025-04-21 17:59:09.413521+00:00,27
2025-04-21 17:59:30.792935+00:00,31
2025-04-21 17:59:31.653432+00:00,31
2025-04-21 17:59:33.652885+00:00,31
2025-04-21 17:59:37.452860+00:00,29
2025-04-21 17:59:44.493512+00:00,29
2025-04-21 17:59:44.493928+00:00,29
2025-04-21 17:59:57.534664+00:00,29
2025-04-21 17:59:57.535074+00:00,29
2025-04-21 18:00:00.993689+00:00,31
2025-04-21 18:00:02.412955+00:00,31
2025-04-21 18:00:04.452533+00:00,27
2025-04-21 18:00:05.433263+00:00,31
2025-04-21 18:00:05.452687+00:00,31
2025-04-21 18:00:08.912523+00:00,31
2025-04-21 18:00:09.233516+00:00,38
2025-04-21 18:00:09.393857+00:00,38
2025-04-21 18:00:23.452848+00:00,27
2025-04-21 18:00:24.413432+00:00,38
2025-04-21 18:00:27.413218+00:00,38
2025-04-21 18:00:34.333062+00:00,27
2025-04-21 18:00:34.733352+00:00,32
2025-04-21 18:00:48.553855+00:00,30
2025-04-21 18:00:57.612512+00:00,26
2025-04-21 18:00:58.574256+00:00,30
2025-04-21 18:01:27.514115+00:00,25
2025-04-21 18:01:39.674251+00:00,25
2025-04-21 18:01:42.994669+00:00,25
2025-04-21 18:01:43.574013+00:00,30
2025-04-21 18:01:54.293945+00:00,26
2025-04-21 18:01:54.294411+00:00,26
2025-04-21 18:02:04.813891+00:00,26
2025-04-21 18:02:04.893312+00:00,30
2025-04-21 18:02:05.475049+00:00,36
2025-04-21 18:02:05.633666+00:00,28
2025-04-21 18:02:20.233953+00:00,28
2025-04-21 18:02:20.734376+00:00,28
2025-04-21 18:02:44.634117+00:00,28
2025-04-21 18:02:45.573245+00:00,28
2025-04-21 18:02:52.574069+00:00,28
2025-04-21 18:02:52.574455+00:00,28
2025-04-21 18:02:58.413831+00:00,28
2025-04-21 18:02:59.433404+00:00,28
2025-04-21 18:02:59.433807+00:00,36
2025-04-21 18:03:01.973118+00:00,30
2025-04-21 18:03:02.573705+00:00,30
2025-04-21 18:03:14.573388+00:00,30
2025-04-21 18:03:19.152956+00:00,30
2025-04-21 18:03:21.733063+00:00,30
2025-04-21 18:03:22.594274+00:00,30
2025-04-21 18:03:31.793715+00:00,24
2025-04-21 18:03:37.053236+00:00,24
2025-04-21 18:03:37.053697+00:00,24
2025-04-21 18:03:53.833008+00:00,24
2025-04-21 18:03:55.212775+00:00,30
2025-04-21 18:03:55.332087+00:00,30
2025-04-21 18:04:01.372312+00:00,30
2025-04-21 18:04:02.154595+00:00,30
2025-04-21 18:04:07.393760+00:00,30
2025-04-21 18:04:08.153871+00:00,30
2025-04-21 18:04:10.155779+00:00,30
2025-04-21 18:04:10.196227+00:00,28
2025-04-21 18:04:14.774507+00:00,28
2025-04-21 18:04:14.774918+00:00,28
2025-04-21 18:04:45.734574+00:00,28
2025-04-21 18:04:46.312189+00:00,32
2025-04-21 18:04:47.534130+00:00,32
2025-04-21 18:04:55.472780+00:00,32
2025-04-21 18:05:03.172331+00:00,32
2025-04-21 18:05:27.192996+00:00,32
2025-04-21 18:05:34.133139+00:00,26
2025-04-21 18:05:34.133543+00:00,26
2025-04-21 18:05:36.193509+00:00,32
2025-04-21 18:05:37.193550+00:00,32
2025-04-21 18:05:42.245237+00:00,27
2025-04-21 18:05:42.352518+00:00,27
2025-04-21 18:05:44.412440+00:00,27
2025-04-21 18:05:47.313341+00:00,27
2025-04-21 18:05:54.114216+00:00,27
2025-04-21 18:05:54.193076+00:00,32
2025-04-21 18:06:16.212858+00:00,32
2025-04-21 18:06:19.712896+00:00,29
2025-04-21 18:06:19.813254+00:00,32
2025-04-21 18:06:19.813635+00:00,32
2025-04-21 18:06:20.213996+00:00,32
2025-04-21 18:06:40.253115+00:00,34
2025-04-21 18:06:41.433105+00:00,31
2025-04-21 18:06:41.433494+00:00,31
2025-04-21 18:06:42.272540+00:00,31
2025-04-21 18:06:42.312198+00:00,34
2025-04-21 18:06:42.312575+00:00,34
2025-04-21 18:08:13.273114+00:00,34
2025-04-21 18:08:15.352080+00:00,31
2025-04-21 18:08:19.375729+00:00,31
2025-04-21 18:08:19.376135+00:00,31
2025-04-21 18:08:19.933507+00:00,34
2025-04-21 18:08:20.273412+00:00,34
2025-04-21 18:08:22.272706+00:00,34
2025-04-21 18:08:57.272657+00:00,34
2025-04-21 18:09:02.767694+00:00,32
2025-04-21 18:09:08.493234+00:00,32
2025-04-21 18:09:15.201135+00:00,32
2025-04-21 18:09:15.203535+00:00,32
2025-04-21 18:09:23.273350+00:00,34
2025-04-21 18:09:24.272846+00:00,34
2025-04-21 18:09:26.252966+00:00,34
2025-04-21 18:09:48.820880+00:00,31
2025-04-21 18:09:48.834485+00:00,31
2025-04-21 18:10:04.293094+00:00,34
2025-04-21 18:10:10.548176+00:00,39
2025-04-21 18:10:11.733404+00:00,32
2025-04-21 18:10:14.553255+00:00,28
2025-04-21 18:10:14.553606+00:00,28
2025-04-21 18:10:39.813443+00:00,28
2025-04-21 18:10:40.372871+00:00,32
2025-04-21 18:10:43.373770+00:00,32
2025-04-21 18:10:58.372241+00:00,32
2025-04-21 18:11:00.391994+00:00,32
2025-04-21 18:11:14.136903+00:00,29
2025-04-21 18:11:19.073062+00:00,32
2025-04-21 18:11:22.393489+00:00,32
2025-04-21 18:11:39.394399+00:00,34
2025-04-21 18:11:41.411888+00:00,31
2025-04-21 18:11:41.412300+00:00,31
2025-04-21 18:11:43.612794+00:00,31
2025-04-21 18:11:44.392721+00:00,34
2025-04-21 18:12:06.433000+00:00,34
2025-04-21 18:12:07.393322+00:00,34
2025-04-21 18:12:14.053153+00:00,31
2025-04-21 18:12:15.413026+00:00,31
2025-04-21 18:12:15.413454+00:00,31
2025-04-21 18:12:22.693384+00:00,34
2025-04-21 18:12:23.413589+00:00,34
2025-04-21 18:12:36.213824+00:00,32
2025-04-21 18:12:36.452430+00:00,32
2025-04-21 18:12:40.172735+00:00,32
2025-04-21 18:13:10.352534+00:00,32
2025-04-21 18:13:10.612787+00:00,32
2025-04-21 18:13:11.915868+00:00,32
2025-04-21 18:13:11.916321+00:00,32
2025-04-21 18:13:33.593079+00:00,34
2025-04-21 18:13:35.332993+00:00,32
2025-04-21 18:13:35.613957+00:00,34
2025-04-21 18:14:25.312440+00:00,32
2025-04-21 18:14:28.512386+00:00,32
2025-04-21 18:14:28.592479+00:00,34
2025-04-21 18:14:30.392752+00:00,34
2025-04-21 18:14:48.612906+00:00,34
2025-04-21 18:14:53.372132+00:00,32
2025-04-21 18:14:54.312945+00:00,32
2025-04-21 18:15:01.738393+00:00,32
2025-04-21 18:15:01.738761+00:00,32
2025-04-21 18:15:08.673102+00:00,32
2025-04-21 18:15:09.252934+00:00,34
2025-04-21 18:15:10.252494+00:00,34
2025-04-21 18:15:16.272708+00:00,34
2025-04-21 18:15:23.072573+00:00,30
2025-04-21 18:15:23.133041+00:00,34
2025-04-21 18:15:26.372627+00:00,31
2025-04-21 18:15:27.332107+00:00,31
2025-04-21 18:15:27.332460+00:00,31
2025-04-21 18:15:27.332803+00:00,31
2025-04-21 18:15:42.132895+00:00,31
2025-04-21 18:15:42.133313+00:00,31
2025-04-21 18:15:43.132932+00:00,34
2025-04-21 18:15:57.113050+00:00,34
2025-04-21 18:16:04.152613+00:00,34
2025-04-21 18:16:07.693132+00:00,32
2025-04-21 18:16:09.334053+00:00,32
2025-04-21 18:16:27.812098+00:00,32
2025-04-21 18:16:27.812521+00:00,32
2025-04-21 18:16:59.213454+00:00,36
2025-04-21 18:17:06.213097+00:00,36
2025-04-21 18:17:06.213573+00:00,36
2025-04-21 18:17:10.187886+00:00,33
2025-04-21 18:17:10.872370+00:00,36
2025-04-21 18:19:51.193097+00:00,36
2025-04-21 18:21:25.733469+00:00,32
2025-04-21 18:21:33.714470+00:00,29
2025-04-21 18:21:35.173454+00:00,29
2025-04-21 18:21:57.752644+00:00,30
2025-04-21 18:21:59.012942+00:00,30
2025-04-21 18:21:59.134268+00:00,30
2025-04-21 18:21:59.134784+00:00,30
2025-04-21 18:22:03.334414+00:00,34
2025-04-21 18:22:04.215460+00:00,34
2025-04-21 18:23:15.654141+00:00,30
2025-04-21 18:23:15.654706+00:00,34
2025-04-21 18:24:20.892356+00:00,31
2025-04-21 18:24:20.951894+00:00,31
2025-04-21 18:24:31.313393+00:00,31
2025-04-21 18:24:31.313893+00:00,31
2025-04-21 18:24:32.192937+00:00,31
2025-04-21 18:24:40.140776+00:00,31
2025-04-21 18:25:26.934906+00:00,34
2025-04-21 18:25:45.552112+00:00,28
2025-04-21 18:26:00.064780+00:00,28
2025-04-21 18:26:12.931482+00:00,29
2025-04-21 18:26:25.314278+00:00,30
2025-04-21 18:26:25.351841+00:00,30
2025-04-21 18:26:25.352431+00:00,30
2025-04-21 18:26:30.832199+00:00,30
2025-04-21 18:26:47.271297+00:00,30
2025-04-21 18:26:52.852108+00:00,31
2025-04-21 18:27:10.172490+00:00,34
2025-04-21 18:28:04.194255+00:00,31
2025-04-21 18:28:04.194699+00:00,36
2025-04-21 18:28:49.535616+00:00,30
2025-04-21 18:28:50.336212+00:00,31
2025-04-21 18:32:03.951572+00:00,32
2025-04-21 18:32:03.952181+00:00,33
2025-04-21 18:32:08.670851+00:00,32
2025-04-21 18:32:08.690191+00:00,32
2025-04-21 18:32:11.083427+00:00,36
2025-04-21 18:32:11.152203+00:00,36
2025-04-21 18:32:12.033058+00:00,36
2025-04-21 18:32:15.472247+00:00,31
2025-04-21 18:32:15.472743+00:00,36
2025-04-21 18:32:49.692494+00:00,31
2025-04-21 18:32:52.771101+00:00,31
2025-04-21 18:34:29.710501+00:00,30
2025-04-21 18:34:30.330104+00:00,30
2025-04-21 18:34:38.711548+00:00,34
2025-04-21 18:35:01.251312+00:00,36
2025-04-21 18:35:01.430766+00:00,33
2025-04-21 18:35:01.431228+00:00,36
2025-04-21 18:35:01.491858+00:00,36
2025-04-21 18:35:01.710284+00:00,33
2025-04-21 18:35:01.731220+00:00,33
2025-04-21 18:36:35.852355+00:00,33
2025-04-21 18:36:35.852738+00:00,34
2025-04-21 18:36:36.549613+00:00,33
2025-04-21 18:36:51.220961+00:00,33
2025-04-21 18:37:52.619143+00:00,33
2025-04-21 18:37:58.538355+00:00,33
2025-04-21 18:38:10.757399+00:00,33
2025-04-21 18:38:12.150887+00:00,33
2025-04-21 18:38:12.151473+00:00,34
2025-04-21 18:38:12.850075+00:00,34
2025-04-21 18:38:24.191059+00:00,34
2025-04-21 18:38:24.390670+00:00,34
2025-04-21 18:39:25.490233+00:00,38
2025-04-21 18:39:43.229800+00:00,38
2025-04-21 18:39:51.332411+00:00,38
2025-04-21 18:39:51.630508+00:00,35
2025-04-21 18:39:51.731565+00:00,35
2025-04-21 18:39:51.732093+00:00,35
2025-04-21 18:39:51.732478+00:00,38
2025-04-21 18:39:56.271327+00:00,38
2025-04-21 18:40:20.010253+00:00,34
2025-04-21 18:40:20.010715+00:00,38
2025-04-21 18:41:21.431587+00:00,33
2025-04-21 18:41:21.431999+00:00,34
2025-04-21 18:42:02.469601+00:00,34
2025-04-21 18:42:02.490343+00:00,34
2025-04-21 18:42:06.280105+00:00,34
2025-04-21 18:44:04.244958+00:00,36
2025-04-21 18:44:22.488521+00:00,36
2025-04-21 18:45:05.507346+00:00,36
2025-04-21 18:45:29.509743+00:00,34
2025-04-21 18:45:33.140748+00:00,34
2025-04-21 18:46:51.049956+00:00,33
2025-04-21 18:46:51.149279+00:00,33
2025-04-21 18:46:59.629276+00:00,33
2025-04-21 18:46:59.629696+00:00,36
2025-04-21 18:47:19.748530+00:00,32
2025-04-21 18:47:21.349946+00:00,32
2025-04-21 18:48:04.628424+00:00,30
2025-04-21 18:48:04.628899+00:00,36
2025-04-21 18:49:49.830129+00:00,34
2025-04-21 18:49:50.288238+00:00,32
2025-04-21 18:49:50.308163+00:00,32
2025-04-21 18:50:03.270912+00:00,36
2025-04-21 18:52:21.368667+00:00,32
2025-04-21 18:52:21.369111+00:00,32
2025-04-21 18:54:26.789293+00:00,36
2025-04-21 18:55:33.487472+00:00,31
2025-04-21 18:55:33.728536+00:00,31
2025-04-21 18:55:33.848406+00:00,31
2025-04-21 18:56:23.388846+00:00,36
2025-04-21 18:57:01.231436+00:00,36
2025-04-21 18:57:11.507985+00:00,33
2025-04-21 18:57:11.508381+00:00,33
2025-04-21 18:58:23.430317+00:00,32
2025-04-21 18:58:23.430708+00:00,36
2025-04-21 18:58:37.812681+00:00,36
2025-04-21 18:58:50.209772+00:00,31
2025-04-21 18:58:50.210201+00:00,36
2025-04-21 18:59:44.829850+00:00,29
2025-04-21 18:59:45.110382+00:00,29
2025-04-21 19:00:04.171171+00:00,50
2025-04-21 19:00:04.531258+00:00,27
2025-04-21 19:00:04.552228+00:00,27
2025-04-21 19:00:04.552615+00:00,50
2025-04-21 19:00:04.690300+00:00,50
2025-04-21 19:00:04.851220+00:00,27
2025-04-21 19:00:04.851625+00:00,27
2025-04-21 19:00:07.631905+00:00,50
2025-04-21 19:00:08.991472+00:00,50
2025-04-21 19:00:09.089934+00:00,50
2025-04-21 19:00:09.251379+00:00,50
2025-04-21 19:00:09.792166+00:00,50
2025-04-21 19:00:14.449251+00:00,27
2025-04-21 19:00:14.449669+00:00,27
2025-04-21 19:00:14.850261+00:00,27
2025-04-21 19:00:15.071615+00:00,27
2025-04-21 19:00:15.151236+00:00,28
2025-04-21 19:00:15.290916+00:00,28
2025-04-21 19:00:15.310779+00:00,28
2025-04-21 19:00:15.811098+00:00,27
2025-04-21 19:00:15.831089+00:00,28
2025-04-21 19:00:15.831521+00:00,28
2025-04-21 19:00:15.831960+00:00,28
2025-04-21 19:00:15.832353+00:00,28
2025-04-21 19:00:16.189245+00:00,26
2025-04-21 19:00:16.189683+00:00,26
2025-04-21 19:00:16.350955+00:00,26
2025-04-21 19:00:16.490227+00:00,26
2025-04-21 19:00:16.490985+00:00,26
2025-04-21 19:00:16.491321+00:00,26
2025-04-21 19:00:16.830114+00:00,26
2025-04-21 19:00:19.110916+00:00,26
2025-04-21 19:00:23.532505+00:00,28
2025-04-21 19:00:23.692019+00:00,29
2025-04-21 19:00:23.811128+00:00,29
2025-04-21 19:00:23.830591+00:00,29
2025-04-21 19:00:23.831426+00:00,28
2025-04-21 19:00:23.856557+00:00,28
2025-04-21 19:00:24.350868+00:00,27
2025-04-21 19:00:24.412291+00:00,27
2025-04-21 19:00:24.831092+00:00,29
2025-04-21 19:00:24.831503+00:00,29
2025-04-21 19:00:40.311508+00:00,25
2025-04-21 19:00:40.311916+00:00,25
2025-04-21 19:00:40.972648+00:00,40
2025-04-21 19:00:58.289710+00:00,27
2025-04-21 19:01:17.290998+00:00,27
2025-04-21 19:01:21.551982+00:00,40
2025-04-21 19:01:21.792830+00:00,40
2025-04-21 19:01:26.896303+00:00,40
2025-04-21 19:01:27.292246+00:00,28
2025-04-21 19:01:27.311198+00:00,28
2025-04-21 19:01:41.312020+00:00,29
2025-04-21 19:01:55.312258+00:00,28
2025-04-21 19:02:23.050738+00:00,28
2025-04-21 19:02:23.091629+00:00,29
2025-04-21 19:02:23.152195+00:00,50
2025-04-21 19:02:23.332343+00:00,30
2025-04-21 19:02:23.351411+00:00,30
2025-04-21 19:02:30.772073+00:00,30
2025-04-21 19:02:30.772560+00:00,50
2025-04-21 19:02:32.031272+00:00,50
2025-04-21 19:03:16.251111+00:00,30
2025-04-21 19:03:16.370166+00:00,31
2025-04-21 19:03:16.390846+00:00,31
2025-04-21 19:03:21.192883+00:00,50
2025-04-21 19:04:38.873105+00:00,50
2025-04-21 19:05:03.912841+00:00,50
2025-04-21 19:05:04.492024+00:00,33
2025-04-21 19:05:04.511791+00:00,33
2025-04-21 19:05:35.233347+00:00,60
2025-04-21 19:05:35.552618+00:00,60
2025-04-21 19:05:42.572399+00:00,36
2025-04-21 19:05:46.691750+00:00,36
2025-04-21 19:05:46.692159+00:00,38
2025-04-21 19:05:53.091750+00:00,37
2025-04-21 19:05:53.092115+00:00,60
2025-04-21 19:06:20.612329+00:00,38
2025-04-21 19:06:20.612731+00:00,38
2025-04-21 19:06:56.611339+00:00,37
2025-04-21 19:06:56.611761+00:00,60
2025-04-21 19:06:58.253347+00:00,60
2025-04-21 19:07:25.952795+00:00,60
2025-04-21 19:07:26.152455+00:00,36
2025-04-21 19:07:26.158366+00:00,36
2025-04-21 19:07:26.158747+00:00,60
2025-04-21 19:07:48.874540+00:00,60
2025-04-21 19:09:07.553435+00:00,38
2025-04-21 19:09:28.655479+00:00,39
2025-04-21 19:09:29.312968+00:00,39
2025-04-21 19:09:29.313621+00:00,39
2025-04-21 19:09:29.853716+00:00,42
2025-04-21 19:10:00.533293+00:00,38
2025-04-21 19:10:14.573900+00:00,38
2025-04-21 19:10:14.574369+00:00,42
2025-04-21 19:10:54.652954+00:00,39
2025-04-21 19:11:04.551814+00:00,39
2025-04-21 19:11:04.552950+00:00,42
2025-04-21 19:15:57.593114+00:00,40
2025-04-21 19:15:57.993180+00:00,40
2025-04-21 19:16:04.014221+00:00,42
2025-04-21 19:16:07.054616+00:00,40
2025-04-21 19:16:07.055003+00:00,42
2025-04-21 19:17:44.113511+00:00,40
2025-04-21 19:18:01.176908+00:00,42
2025-04-21 19:18:14.915651+00:00,41
2025-04-21 19:18:40.253957+00:00,45
2025-04-21 19:19:02.034106+00:00,45
2025-04-21 19:19:02.913184+00:00,41
2025-04-21 19:19:04.413686+00:00,41
2025-04-21 19:19:23.938346+00:00,42
2025-04-21 19:19:24.034052+00:00,42
2025-04-21 19:19:24.318686+00:00,45
2025-04-21 19:19:33.094668+00:00,45
2025-04-21 19:33:35.358138+00:00,44
2025-04-21 19:33:35.377480+00:00,44
2025-04-21 19:33:35.377895+00:00,52
2025-04-21 19:33:44.417543+00:00,44
2025-04-21 19:33:46.557811+00:00,44
2025-04-21 19:34:51.343553+00:00,43
2025-04-21 19:34:51.839789+00:00,43
2025-04-21 19:35:34.756693+00:00,57
2025-04-21 19:35:59.717613+00:00,57
2025-04-21 19:36:19.277032+00:00,44
2025-04-21 19:36:19.777561+00:00,44
2025-04-21 19:36:20.837084+00:00,44
2025-04-21 19:36:29.317033+00:00,53
2025-04-21 19:37:34.656718+00:00,42
2025-04-21 19:37:34.657075+00:00,52
2025-04-21 19:37:43.179586+00:00,52
2025-04-21 19:37:43.276712+00:00,43
2025-04-21 19:37:43.298637+00:00,43
2025-04-21 19:37:43.299052+00:00,52
2025-04-21 19:37:43.677078+00:00,52
2025-04-21 19:37:43.796495+00:00,43
2025-04-21 19:38:34.596662+00:00,43
2025-04-21 19:38:34.597084+00:00,44
2025-04-21 19:38:45.818589+00:00,42
2025-04-21 19:38:53.397717+00:00,42
2025-04-21 19:39:05.519672+00:00,51
2025-04-21 19:39:10.837335+00:00,51
2025-04-21 19:39:27.837221+00:00,42
2025-04-21 19:39:42.197265+00:00,42
2025-04-21 19:39:42.398465+00:00,51
2025-04-21 19:39:42.836525+00:00,43
2025-04-21 19:39:49.297724+00:00,51
2025-04-21 19:40:29.557872+00:00,43
2025-04-21 19:40:29.558256+00:00,44
2025-04-21 19:40:29.856075+00:00,43
2025-04-21 19:40:31.878078+00:00,43
2025-04-21 19:40:56.857198+00:00,44
2025-04-21 19:40:56.917686+00:00,44
2025-04-21 19:46:24.038501+00:00,45
2025-04-21 19:46:24.038874+00:00,45
2025-04-21 19:50:00.739492+00:00,46
2025-04-21 19:50:00.758733+00:00,46
2025-04-21 19:50:00.759108+00:00,47
2025-04-21 19:51:30.359421+00:00,47
2025-04-21 19:51:30.359842+00:00,46
2025-04-21 19:55:03.699010+00:00,44
2025-04-21 19:55:03.699315+00:00,44
2025-04-21 19:55:21.639125+00:00,45
2025-04-21 19:55:21.639440+00:00,60
2025-04-21 19:56:06.777970+00:00,44
2025-04-21 19:56:06.798571+00:00,44
2025-04-21 19:56:09.017752+00:00,44
2025-04-21 19:56:24.787503+00:00,44
2025-04-21 19:56:41.179666+00:00,44
2025-04-21 19:56:48.418537+00:00,44
2025-04-21 19:56:54.677788+00:00,47
2025-04-21 19:56:55.258744+00:00,47
2025-04-21 19:56:55.259162+00:00,55
2025-04-21 19:56:55.379461+00:00,55
2025-04-21 19:56:55.779003+00:00,46
2025-04-21 19:56:55.837988+00:00,46
2025-04-21 19:57:05.598157+00:00,55
2025-04-21 19:57:19.598852+00:00,47
2025-04-21 19:57:19.619877+00:00,55
2025-04-21 19:57:27.958083+00:00,43
2025-04-21 19:57:35.398255+00:00,43
2025-04-21 19:57:57.397215+00:00,54
2025-04-21 19:57:57.818640+00:00,49
2025-04-21 19:57:57.819055+00:00,49
2025-04-21 19:58:07.798715+00:00,49
2025-04-21 19:58:07.799141+00:00,54
2025-04-21 19:58:07.840076+00:00,47
2025-04-21 19:58:07.858450+00:00,47
2025-04-21 19:58:16.839778+00:00,45
2025-04-21 19:58:17.199423+00:00,45
2025-04-21 19:58:17.278268+00:00,49
2025-04-21 19:58:17.278636+00:00,57
2025-04-21 19:58:49.039573+00:00,57
2025-04-21 19:58:49.559837+00:00,57
2025-04-21 19:58:52.479333+00:00,57
2025-04-21 19:59:00.859382+00:00,48
2025-04-21 19:59:00.859773+00:00,48
2025-04-21 19:59:02.440383+00:00,48
2025-04-21 19:59:02.440755+00:00,48
2025-04-21 19:59:07.100247+00:00,50
2025-04-21 19:59:07.100666+00:00,58
2025-04-21 19:59:07.278382+00:00,58
2025-04-21 19:59:07.878290+00:00,50
2025-04-21 19:59:07.878709+00:00,50
2025-04-21 19:59:09.698740+00:00,46
2025-04-21 19:59:09.699111+00:00,46
2025-04-21 19:59:13.618126+00:00,46
2025-04-21 19:59:13.819311+00:00,46
2025-04-21 19:59:15.238096+00:00,43
2025-04-21 19:59:15.238466+00:00,43
2025-04-21 19:59:17.018405+00:00,43
2025-04-21 19:59:17.438180+00:00,43
2025-04-21 19:59:19.419130+00:00,43
2025-04-21 19:59:19.439479+00:00,47
2025-04-21 19:59:19.439926+00:00,58
2025-04-21 19:59:19.638710+00:00,45
2025-04-21 19:59:19.639143+00:00,58
2025-04-21 19:59:20.839911+00:00,48
2025-04-21 19:59:23.979020+00:00,49
2025-04-21 19:59:23.980138+00:00,58
2025-04-21 19:59:25.757728+00:00,45
2025-04-21 19:59:25.758099+00:00,45
2025-04-21 19:59:25.998572+00:00,45
2025-04-21 19:59:26.158791+00:00,45
2025-04-21 19:59:31.739444+00:00,45
2025-04-21 19:59:31.979184+00:00,48
2025-04-21 19:59:31.980585+00:00,48
2025-04-21 19:59:31.980891+00:00,58
2025-04-21 19:59:36.898760+00:00,48
2025-04-21 19:59:37.639761+00:00,45
2025-04-21 19:59:37.659125+00:00,45
2025-04-21 19:59:37.659522+00:00,45
2025-04-21 19:59:42.900416+00:00,55
2025-04-21 19:59:43.000159+00:00,55
2025-04-21 19:59:44.458808+00:00,43
2025-04-21 19:59:45.198999+00:00,43
2025-04-21 19:59:46.778981+00:00,46
2025-04-21 19:59:46.800084+00:00,55
2025-04-21 19:59:56.019332+00:00,46
2025-04-21 19:59:56.179608+00:00,56
2025-04-21 19:59:57.038865+00:00,47
2025-04-21 19:59:57.039836+00:00,47
2025-04-21 19:59:57.040276+00:00,56
2025-04-21 19:59:59.179008+00:00,47
2025-04-21 19:59:59.438383+00:00,44
2025-04-21 19:59:59.438835+00:00,44
2025-04-21 19:59:59.659922+00:00,48
2025-04-21 19:59:59.660378+00:00,56
2025-04-21 20:00:00.198485+00:00,49
2025-04-21 20:00:00.219649+00:00,49
2025-04-21 20:00:00.720408+00:00,56
2025-04-21 20:00:03.038457+00:00,56
2025-04-21 20:00:03.799036+00:00,50
2025-04-21 20:00:04.157819+00:00,50
2025-04-21 20:00:04.158228+00:00,56
2025-04-21 20:00:05.779174+00:00,56
2025-04-21 20:00:06.278900+00:00,56
2025-04-21 20:00:08.178548+00:00,56
2025-04-21 20:00:12.939624+00:00,60
2025-04-21 20:33:00.454485+00:00,90
2025-04-21 20:40:50.393969+00:00,95
2025-04-21 20:52:50.494587+00:00,99
2025-04-21 20:53:12.254015+00:00,99
