artist,streams,rank_weighted,num_tracks,num_days
Noah Kahan,19154046.0,9733682.59341174,5,7
Bad Bunny,37567064.333333336,8853461.704893889,13,7
Don Toliver,69543688.66666667,4631105.591407839,19,7
Olivia Dean,36668615.0,4266310.156095383,10,7
Ella Langley,19196840.666666668,3492540.515266976,5,7
Djo,8005430.0,1512233.3507936508,1,7
Bruno Mars,20725040.166666668,1108758.5422621823,9,7
Harry Styles,7054444.0,630040.9040660177,2,7
sombr,13057890.0,567774.6434458864,3,7
Taylor Swift,9930412.0,487814.10486257245,3,7
Lil Uzi Vert,8703300.0,426626.19753957423,2,7
Alex Warren,6116456.0,363287.07670760615,2,7
EsDeeKid,6568866.0,236709.94672004628,2,7
Morgan Wallen,13502831.083333334,235038.0557192068,7,7
SIENNA SPIRO,7959964.0,233415.1829348168,2,7
Billie Eilish,8507992.0,226629.13155990437,3,7
RAYE,5130648.0,218510.0344618514,1,7
Zara Larsson,8802289.5,218263.9977356425,3,7
Yeat,3638210.0,217956.17930700735,1,7
Rema,3674327.3333333335,210117.22279471735,1,7
Fleetwood Mac,10745108.0,192422.46461756463,4,7
The Killers,4905588.0,180672.8365361087,1,7
Justin Bieber,6255309.0,170153.60108971674,2,7
Travis Scott,3327746.0,150107.27727032843,1,7
The Marías,7513923.0,148390.15897018404,2,7
Radiohead,7136809.0,146192.39942344133,2,7
Fetty Wap,4501918.0,117435.35214782013,2,7
Drake,9050043.333333334,115164.00703006423,5,7
Sabrina Carpenter,7858962.0,113805.52873811456,5,7
The Goo Goo Dolls,4260562.0,106720.31415406172,1,7
PinkPantheress,2536719.5,105405.29724519633,1,7
She,2485059.5,97275.29498446187,1,7
Him,2485059.5,97275.29498446187,1,7
KPop Demon Hunters Cast,2521440.6,96470.6334817638,5,7
The Neighbourhood,4111588.0,94883.14460351018,1,7
Kendrick Lamar,6776947.166666667,93172.10203365154,5,7
REI AMI,1861464.5999999999,92116.06133499884,3,7
AUDREY NUNA,1861464.5999999999,92116.06133499884,3,7
HUNTR/X,1861464.5999999999,92116.06133499884,3,7
EJAE,1861464.5999999999,92116.06133499884,3,7
Tate McRae,8172076.0,88544.16077921391,4,7
SZA,5920031.0,85698.08135151555,3,7
Arctic Monkeys,3957107.0,85274.16803705055,1,7
Zach Bryan,8941492.333333334,83284.52588799817,5,7
Coldplay,6041041.0,73823.11818775724,2,7
Daniel Caesar,6591656.666666667,73244.45749335548,4,7
Gigi Perez,3778470.0,72649.34198648809,1,7
Chappell Roan,6095143.0,69199.22694816926,2,7
Ravyn Lenae,3612944.0,62635.9076300088,1,7
Addison Rae,3557694.0,59901.00244135238,1,7
Rihanna,7749283.0,55906.407231969926,3,7
Luke Combs,3428797.0,53366.60532378941,1,7
Whiskey Myers,3453715.0,53201.28446549832,1,7
Kehlani,3400641.0,50444.924808842705,1,7
Teezo Touchdown,2094321.3333333333,49298.006041102,1,6
Benson Boone,5497276.0,48765.090696223706,2,7
sza,1426768.6666666667,47036.899927351136,1,7
Chris Stapleton,5787230.0,46631.19996533248,3,7
Tame Impala,5404111.0,45741.896253437655,2,7
Kanye West,4455849.0,42158.41122491841,3,7
Dominic Fike,3501179.0,40041.07850581126,2,7
The Police,3166683.0,39869.90520264521,1,7
SahBabii,2010570.6666666667,38815.24660571072,1,6
Frank Ocean,6724618.0,37399.07923521138,4,7
Teddy Swims,3130170.0,37013.963764071406,1,7
Malcolm Todd,5675604.0,36387.39454742754,3,7
Tears For Fears,3003372.0,33531.76895131308,1,7
Red Hot Chili Peppers,4725122.0,33236.81637781868,2,7
KATSEYE,3256464.0,32074.975903976658,2,7
J. Cole,3367185.0,31206.94090855155,3,7
Playboi Carti,2209485.3333333335,30885.448371647504,1,7
Nirvana,4886880.0,30007.268670588805,2,7
Riley Green,3214860.0,29332.186216232156,2,7
Wale,1494991.2,28286.26307964251,1,7
Roscoe Dash,1494991.2,28286.26307964251,1,7
Childish Gambino,2900540.0,28051.240353318535,1,7
The Weeknd,2928551.8666666667,25540.451508023005,4,7
Brent Faiyaz,2080298.6666666665,25171.357904441815,1,7
J Balvin,1169041.5,25128.532269307914,1,4
Prince,2805755.0,24902.573618983908,1,7
Kacey Musgraves,2091124.6666666665,24736.676913160405,1,7
Post Malone,3391967.6666666665,24423.746023398126,2,7
Tinashe,1672104.5,24338.681320531326,1,7
Disco Lines,1672104.5,24338.681320531326,1,7
Linkin Park,3502293.0,22091.509341672456,3,7
Vance Joy,2712034.0,22038.81256192689,1,7
Jeff Buckley,2707822.0,21922.635900630128,1,7
Lit,2703028.0,21652.05830140924,1,7
A Smile,1218230.6666666667,21322.693127361443,1,7
Lady Gaga,1218230.6666666667,21322.693127361443,1,7
Foo Fighters,2688118.0,21283.870733521675,1,7
Treaty Oak Revival,2685366.0,21259.02988994655,1,7
Rain Sounds,1609474.5,21125.785815494364,1,7
White Noise Radiance,1609474.5,21125.785815494364,1,7
Evanescence,2675933.0,20890.657532017383,1,7
A$AP Rocky,2126296.933333333,19065.22378892193,4,7
YoungBoy Never Broke Again,2575983.0,18599.415056960217,1,7
Dwele,1527987.0,17753.673470510294,1,7
Melanie Martinez,995115.0,17602.315267947422,1,2
Gracie Abrams,2546038.0,17312.96083174621,1,7
Shaboozey,2531248.0,17125.974570627437,1,7
Tim McGraw,808687.75,15855.170708299127,1,7
Eric Church,808687.75,15855.170708299127,1,7
HARDY,808687.75,15855.170708299127,1,7
WILLOW,2474606.0,15683.665207009668,1,7
Laufey,2447808.0,15372.059769599153,1,7
TV Girl,2440979.0,15054.57585362199,1,7
Leon Thomas,1648570.0,14743.550620126982,1,4
Hozier,2424921.0,14736.264058352592,1,7
Waka Flocka Flame,747495.6,14143.131539821256,1,7
Mazzy Star,2402112.0,14121.193473031803,1,7
Tory Lanez,2386389.0,13878.745007120588,1,7
Rico Ace,1443080.0,13857.607163605115,1,7
Wizkid,1063033.3333333333,13842.635697547503,1,7
Kyla,1063033.3333333333,13842.635697547503,1,7
Hudson Westbrook,2380266.0,13728.41498056057,1,7
BigXthaPlug,1340683.3333333335,13628.286285503242,2,7
Empire Of The Sun,1431890.5,13505.039702221053,1,7
Mac Miller,1431890.5,13505.039702221053,1,7
De La Soul,1403421.0,12591.699865873194,1,7
Gorillaz,1403421.0,12591.699865873194,1,7
Rauw Alejandro,952694.5,12558.601497522086,1,4
Cigarettes After Sex,2309076.0,12236.408211926024,1,7
Joji,1798483.0,12096.94191535625,1,5
Kali Uchis,1913765.5,11914.363218823004,2,7
The Cure,1757391.0,11435.501452905544,1,5
King Von,1466130.0,10971.839786397351,1,4
Dei V,682619.3333333334,10746.147533022533,1,4
Omar Courtz,682619.3333333334,10746.147533022533,1,4
Sublime,1704827.0,10273.079546922429,1,5
Timbaland,1397031.0,10020.106917075183,2,7
Lola Young,1494525.0,9992.05686390793,1,4
Hotel Ugly,1678978.0,9778.105678669652,1,5
Miguel,1593459.0,9679.879356332622,2,4
Nelly Furtado,1294968.0,9496.706917075184,1,7
Dunn,1293971.0,9492.064180828933,1,7
Brooks,1293971.0,9492.064180828933,1,7
Tyla,1080430.0,8027.427600483716,1,3
Chuwi,844371.0,7969.787664824362,1,4
Lefty Gunplay,902496.3333333333,7793.2491440616905,1,7
lefty gunplay,902496.3333333333,7793.2491440616905,1,7
Creedence Clearwater Revival,1332981.0,7750.935021710212,1,4
Chris Brown,1333304.0,7478.424187562668,1,6
Jimin,1115187.0,7337.801893417283,1,3
Clams Casino,864813.2,5948.56932581536,1,6
Imogen Heap,864813.2,5948.56932581536,1,6
Future,828734.0,5410.209730892508,1,7
Lil Wayne,828734.0,5410.209730892508,1,7
RaiNao,760039.0,5362.400341786973,1,4
Juicy J,823789.2,4670.368678899559,1,6
Quavo,823789.2,4670.368678899559,1,6
B.o.B,699287.0,4382.35738692931,1,6
samUIL Lee,659976.0,4354.572146764957,2,7
KEVIN WOO,659976.0,4354.572146764957,2,7
Saja Boys,659976.0,4354.572146764957,2,7
Andrew Choi,659976.0,4354.572146764957,2,7
Danny Chung,659976.0,4354.572146764957,2,7
Neckwav,659976.0,4354.572146764957,2,7
T.I.,711070.0,4224.155822642041,1,2
Jay Rock,697545.5,4150.044088413043,1,4
Peso Pluma,666969.5,3942.3447557742293,1,4
Tito Double P,666969.5,3942.3447557742293,1,4
The Creator,616714.75,3887.756795992064,1,7
Tyler,616714.75,3887.756795992064,1,7
H.E.R.,661427.3333333334,3649.8340368934055,1,3
Daft Punk,650721.0,3608.01604382304,1,4
The Red Clay Strays,614503.0,3251.929619260918,1,2
ROSÉ,498415.5,2706.191127504888,1,3
Remy Boyz,434930.0,2668.0078289671783,1,2
John Summit,367410.0,2499.387755102041,1,1
Ty Dolla $ign,411894.6,2335.1843394497796,1,6
JENNIE,411890.4,2272.0354311310193,1,3
You,352151.0,2006.559301948052,1,2
Audioslave,352595.0,1969.804469273743,1,1
Ariana Grande,346814.0,1815.780104712042,1,1
Junior H,331453.0,1699.7589743589745,1,1
Three Days Grace,330180.0,1693.2307692307693,1,1
Bryson Tiller,324222.0,1621.11,1,1
Lil Jon,255782.8,1495.58776892294,1,2
Ludacris,255782.8,1495.58776892294,1,2
Steve Lacy,293275.0,1481.1868686868686,1,1
Lily Rose Depp,205945.2,1136.0177155655097,1,3
Lily-Rose Depp,205945.2,1136.0177155655097,1,3
Tems,219396.0,1108.060606060606,1,1
Syleena Johnson,175388.0,990.8926553672317,1,1
Halsey,168905.0,928.0494505494505,1,1
The Chainsmokers,168905.0,928.0494505494505,1,1
F1 The Album,172384.0,888.5773195876288,1,1
wifiskeleton,149430.5,790.6375661375662,1,1
i wanna be a jack-o-lantern,149430.5,790.6375661375662,1,1
USHER,127891.4,747.79388446147,1,2
Dave,109698.0,554.030303030303,1,1
D.O.E.,102063.0,523.4,1,1
Keri Hilson,102063.0,523.4,1,1
